file_name,song_key,duration_seconds,num_instruments,num_non_drum_instruments,num_drum_tracks,num_notes,notes_per_second,avg_pitch,min_pitch,max_pitch,avg_velocity,avg_note_duration_seconds,avg_tempo_bpm,num_tempo_changes,num_key_signature_changes,num_time_signature_changes
1910_Fruitgum_Company_-_Simon_Says.mid,1910_fruitgum_company_-_simon_says,158.4373415625,11,10,1,6678,42.14915457519008,60.3775082359988,28.0,90.0,119.95941898772088,0.23320713371331242,135.000135000135,1,1,1
2_Unlimited_-_Get_Ready_for_This.mid,2_unlimited_-_get_ready_for_this,438.24,13,10,3,17883,40.80640744797371,56.09981546720349,21.0,93.0,99.1620533467539,0.18588648437063132,125.0,1,1,1
2_Unlimited_-_Let_the_Beat_Control_Your_Body.mid,2_unlimited_-_let_the_beat_control_your_body,223.07120550000002,11,10,1,5731,25.69134813771381,55.575815738963534,25.0,82.0,77.97644390158786,0.1169468755998081,140.00014000014,1,0,0
2_Unlimited_-_Tribal_Dance.mid,2_unlimited_-_tribal_dance,220.18727981249998,11,10,1,9315,42.30489612266507,54.38862050456253,27.0,87.0,75.14804079441761,0.10066931177536229,130.00013000013,1,1,1
2_Unlimited_-_Twilight_Zone.mid,2_unlimited_-_twilight_zone,166.94074519999998,8,7,1,3133,18.76713798208204,65.46600702202362,31.0,87.0,111.41749122247047,0.2130010035854876,94.88964609285445,29,1,1
38_Special_-_Caught_Up_In_You.mid,38_special_-_caught_up_in_you,187.9375,5,4,1,4329,23.034253408713003,52.227766227766224,30.0,73.0,86.1975051975052,0.24162624162624077,120.0,1,1,1
38_Special_-_Fantasy_Girl.mid,38_special_-_fantasy_girl,179.31421099999997,6,5,1,3632,20.2549478914418,49.284140969163,30.0,83.0,90.81773127753304,0.37548875166460166,175.00007291669706,1,0,1
5ive_-_If_Ya_Gettin_Down.mid,5ive_-_if_ya_gettin_down,193.63652499999998,13,12,1,4175,21.561014896337355,53.37197604790419,28.0,108.0,107.15113772455089,0.22351325104041925,109.99990833340973,1,1,1
5ive_-_Slam_Dunk_Da_Funk.mid,5ive_-_slam_dunk_da_funk,219.32028599999998,11,10,1,4776,21.776371384086197,51.71461474036851,21.0,87.0,56.4428391959799,0.1468872808207707,103.0000480666891,1,1,1
5ive_-_Until_The_Time_Is_Through.mid,5ive_-_until_the_time_is_through,237.658885375,12,11,1,5276,22.199885317458435,56.03241091736164,28.0,84.0,94.3718726307809,0.6259687968394618,78.6666712777827,6,2,1
702_-_Where_My_Girls_At.mid,702_-_where_my_girls_at,187.78889398958333,4,3,1,2785,14.830483000525495,59.83590664272891,29.0,82.0,97.4854578096948,0.16988081388390186,93.00004185001883,1,0,1
911_-_The_Day_We_Find_Love.mid,911_-_the_day_we_find_love,251.50945504999996,11,10,1,3607,14.341409150136842,52.77987247019684,16.0,112.0,93.30856667590795,0.546448092858793,64.99999639333838,35,2,1
98_Degrees_-_I_Do_Cherish_You.mid,98_degrees_-_i_do_cherish_you,180.705792,2,1,1,1220,6.751305458986063,55.850819672131145,35.0,79.0,100.0,0.607521393442623,85.00004250002125,1,1,1
98_Degrees_-_The_Hardest_Thing.mid,98_degrees_-_the_hardest_thing,221.0,6,4,2,2214,10.018099547511312,61.194670280036135,36.0,77.0,79.06955736224029,0.42856067449562707,120.0,1,0,0
ABBA_-_Dancing_Queen.mid,abba_-_dancing_queen,236.64733489583332,10,9,1,8311,35.11977011555321,60.62098423775719,28.0,97.0,66.68439417639273,0.2571153028742027,100.39992637338733,1,1,1
ABBA_-_Fernando.mid,abba_-_fernando,254.92417462499998,10,9,1,8438,33.10003852091515,59.96729082721024,28.0,92.0,64.07691396065418,0.21784731691825698,103.99995656252995,16,1,9
ABBA_-_Gimme_Gimme_Gimme.mid,abba_-_gimme_gimme_gimme,290.12165400000004,12,11,1,8358,28.808604544905837,55.26573342905001,26.0,101.0,75.90859057190715,0.22115842101255184,118.19996641670086,5,1,6
ABBA_-_Knowing_Me_Knowing_You.mid,abba_-_knowing_me_knowing_you,234.63715164583337,11,10,1,7030,29.961154704994208,56.13826458036984,31.0,98.0,75.499573257468,0.2946546068723331,112.00005973336519,1,1,7
ABBA_-_Money_Money_Money.mid,abba_-_money_money_money,186.61175816666665,8,7,1,6017,32.2434130577458,61.77630048196776,24.0,92.0,68.53215888316437,0.18807062228546723,98.2352765196247,17,2,1
ABBA_-_SOS.mid,abba_-_sos,204.03125,13,12,1,5597,27.432072292847298,56.662319099517596,29.0,86.0,71.2294086117563,0.25795347954261355,120.0,1,0,1
ABBA_-_Super_Trouper.mid,abba_-_super_trouper,253.98333333333332,12,11,1,7129,28.06877091672682,57.22429513255716,28.0,93.0,72.34478889044748,0.2660529761069784,120.0,1,1,1
ABBA_-_Take_A_Chance_On_Me.mid,abba_-_take_a_chance_on_me,218.454327,15,14,1,8570,39.23016823557814,52.92882147024504,33.0,78.0,90.50431738623104,0.19516329799445753,110.00011000011,1,0,13
ABBA_-_Thank_You_for_the_Music.mid,abba_-_thank_you_for_the_music,231.78201675000005,10,9,1,6340,27.353286889544673,58.22429022082019,28.0,92.0,62.87429022082019,0.26585410855349645,88.11109144520039,45,1,1
ABBA_-_The_Winner_Takes_It_All.mid,abba_-_the_winner_takes_it_all,289.34966583333335,9,8,1,6154,21.26838468009405,53.63032174195645,30.0,95.0,70.74845628859279,0.4405201565800702,122.99996925000768,1,1,1
ABBA_-_Waterloo.mid,abba_-_waterloo,161.052626875,8,7,1,4482,27.82941257753391,52.926372155287815,26.0,83.0,86.45024542614904,0.24129388456604195,149.00020860029207,1,0,1
ABC_-_Poison_Arrow.mid,abc_-_poison_arrow,202.93630499999998,14,13,1,4937,24.327830350513185,52.96597123759368,21.0,100.0,116.77861049220174,0.43975074260684616,126.00012600012602,1,1,1
ABC_-_The_Look_of_Love.mid,abc_-_the_look_of_love,208.12819630000004,16,15,1,5603,26.92090788085112,56.969480635373905,28.0,98.0,77.74317330001784,0.20734179534773045,120.99994353335967,1,1,1
Aaliyah_-_Are_You_That_Somebody.mid,aaliyah_-_are_you_that_somebody,265.25950459999996,9,8,1,4629,17.45083557695825,49.43875567077122,26.0,85.0,92.94448044934111,0.17280976673147552,132.9999468000213,1,1,1
Aaliyah_-_Try_Again.mid,aaliyah_-_try_again,282.946944,11,9,2,4773,16.868886910473226,54.08296668761785,25.0,75.0,110.0,0.2509424268541799,95.00014250021376,1,1,1
Aaron_Neville_-_Tell_It_Like_It_Is.mid,aaron_neville_-_tell_it_like_it_is,179.0321775,8,7,1,4333,24.2023532334013,57.35148857604431,21.0,82.0,82.3824140318486,0.3398771080852372,93.00004185001885,1,1,1
Ace_of_Base_-_All_That_She_Wants.mid,ace_of_base_-_all_that_she_wants,205.26285,18,10,8,3725,18.147463118630576,51.13342281879195,30.0,97.0,102.51812080536912,0.1762286300402687,95.00014250021376,1,1,1
Ace_of_Base_-_Always_Have_Always_Will.mid,ace_of_base_-_always_have_always_will,224.3064646666666,11,10,1,7188,32.04544287513878,58.282415136338344,24.0,87.0,93.86380077907624,0.35187989541828973,137.0000639333632,1,1,1
Ace_of_Base_-_Beautiful_Life.mid,ace_of_base_-_beautiful_life,217.8775599,9,8,1,8144,37.37879203226748,57.33079567779961,24.0,80.0,106.94081532416503,0.18814559516208254,135.000135000135,1,1,1
Ace_of_Base_-_Don't_Turn_Around.mid,ace_of_base_-_don't_turn_around,225.1934078125,14,13,1,6999,31.079950643259906,53.69424203457637,26.0,101.0,70.82454636376625,0.1391689728376375,96.99995311668933,1,1,1
Ace_of_Base_-_The_Sign.mid,ace_of_base_-_the_sign,188.4467899375,8,7,1,6145,32.60867432147845,59.660537021969084,26.0,87.0,69.71716842961757,0.11723934997626802,98.00014373354414,1,1,1
Agnes_Obel_-_Familiar.mid,agnes_obel_-_familiar,227.75844899999998,7,7,0,1505,6.607877804787826,64.11893687707641,38.0,86.0,70.05581395348837,0.4551576593023256,68.75309601717208,3,1,5
Al_Stewart_-_On_the_Border.mid,al_stewart_-_on_the_border,219.74967037499997,12,11,1,5774,26.27535226854604,59.34984412885348,22.0,92.0,98.59490820921371,0.3624668692024591,190.0002850004275,1,1,1
Al_Stewart_-_Time_Passages.mid,al_stewart_-_time_passages,235.23000000000002,10,9,1,4735,20.12923521659652,58.00063357972545,29.0,90.0,104.89398099260823,0.4547138331573388,100.0,1,1,1
Al_Stewart_-_Year_of_the_Cat.mid,al_stewart_-_year_of_the_cat,388.69435987500003,10,9,1,9214,23.705000512390054,54.40297373561971,28.0,90.0,79.22075103103973,0.3585243095866344,113.00009605008164,1,1,1
Al_Wilson_-_Show_and_Tell.mid,al_wilson_-_show_and_tell,215.32704882812496,10,9,1,3623,16.825568453742637,52.7582114269942,29.0,94.0,111.72729781948661,0.4303075108968161,87.00065250489381,1,0,1
Alan_Parsons_-_Ammonia_Avenue.mid,alan_parsons_-_ammonia_avenue,97.97709796875,4,4,0,754,7.6956759858358925,56.61803713527851,33.0,80.0,84.37665782493369,0.6150076293103451,148.000148000148,1,1,1
Alan_Parsons_-_Damned_if_I_Do.mid,alan_parsons_-_damned_if_i_do,210.90414515625002,13,13,0,4636,21.981549943294773,57.56988783433995,31.0,94.0,99.41889559965487,0.5426972505931841,132.000132000132,1,1,1
Alan_Parsons_-_Eye_in_the_Sky.mid,alan_parsons_-_eye_in_the_sky,268.9730708333334,15,14,1,9636,35.82514773745085,51.51909506019095,26.0,78.0,79.42984640929846,0.3294047854378546,112.00005973336519,1,1,1
Alan_Parsons_-_Games_People_Play.mid,alan_parsons_-_games_people_play,259.9907055,15,14,1,9093,34.97432718801557,56.734960958979435,28.0,83.0,86.75629605190807,0.2737322168976136,132.9999468000213,1,1,9
Alan_Parsons_-_Prime_Time.mid,alan_parsons_-_prime_time,313.61043083333334,12,9,3,5213,16.622533842856846,48.13792441971993,28.0,92.0,75.12679838864378,0.39516138364025843,117.99990166674861,1,1,1
Alan_Parsons_-_Time.mid,alan_parsons_-_time,316.91005281250006,14,13,1,5940,18.743488719540252,55.67289562289562,29.0,118.0,84.63670033670034,0.7109249184027778,71.00003550001773,1,1,1
Alannah_Myles_-_Black_Velvet.mid,alannah_myles_-_black_velvet,292.721778,11,10,1,3700,12.639988815591304,46.92324324324324,26.0,86.0,96.03567567567568,0.29710822116554053,145.99999386666747,2,1,1
Alice_Deejay_-_Better_Off_Alone.mid,alice_deejay_-_better_off_alone,214.411536,14,11,3,5887,27.456545062015692,49.703244436894856,35.0,82.0,104.46509257686428,0.13564269746899957,136.0001450668214,1,1,1
All_4_One_-_I_Swear.mid,all_4_one_-_i_swear,253.695950375,13,8,5,2721,10.725437264481206,61.266446159500184,26.0,93.0,90.3763322307975,0.5879473189452409,68.50004043555953,38,1,1
All_Saints_-_Bootie_Call.mid,all_saints_-_bootie_call,235.47233995833335,10,9,1,3906,16.587935554091676,50.89221710189452,35.0,88.0,117.95289298515105,0.29042335451922274,89.9999550000225,1,1,1
All_Saints_-_Lady_Marmelade.mid,all_saints_-_lady_marmelade,246.30428625,14,13,1,8779,35.642903879834535,57.83756692106162,29.0,91.0,83.07643239548923,0.201476298823898,115.0000287500072,1,1,1
All_Saints_-_Never_Ever.mid,all_saints_-_never_ever,318.69389175000003,15,14,1,7150,22.435321746325876,59.4620979020979,22.0,93.0,87.0834965034965,0.6307929632703962,67.00002903334591,1,1,1
Allure_-_All_Cried_Out.mid,allure_-_all_cried_out,280.9282905,3,3,0,1787,6.361053907456145,67.64017907106883,37.0,99.0,110.0,0.6063528191801902,70.00007000007,1,1,1
America_-_Daisy_Jane.mid,america_-_daisy_jane,181.18810443333334,18,8,10,2094,11.557050097460841,55.52005730659026,31.0,81.0,64.79465138490926,0.7569039038283986,80.8130303392334,23,1,1
America_-_I_Need_You.mid,america_-_i_need_you,195.0161942333333,21,6,15,2779,14.250098618348472,56.00899604174163,28.0,81.0,66.6718243972652,0.645280817857143,76.50499261373032,4,1,11
America_-_Lonely_People.mid,america_-_lonely_people,119.14025049999998,10,8,2,1881,15.788115201251825,58.411483253588514,35.0,79.0,83.1451355661882,0.4374054269781144,156.99983776683433,1,1,1
America_-_Sandman.mid,america_-_sandman,267.297382125,12,6,6,5060,18.930226550568015,55.92707509881423,35.0,83.0,70.04288537549407,0.30907217636363643,75.88889378889348,9,1,6
America_-_Sister_Golden_Hair.mid,america_-_sister_golden_hair,192.50607960000002,16,8,8,5613,29.157520695777546,51.74469980402637,31.0,82.0,65.06253340459648,0.3044850997891799,96.0294144157085,17,1,1
America_-_Tin_Man.mid,america_-_tin_man,154.39466,13,12,1,2781,18.012280994692436,54.314275440489034,31.0,86.0,92.40704782452356,0.5071298745018278,157.00024858372694,1,1,1
America_-_Ventura_Highway.mid,america_-_ventura_highway,210.6388919333333,15,7,8,6506,30.886983596833264,61.50753150937596,36.0,81.0,63.67230249000922,0.262623587549954,125.000065000065,2,1,1
Andrew_Gold_-_Lonely_Boy.mid,andrew_gold_-_lonely_boy,256.1451783666667,15,5,10,6946,27.117434121898402,54.31802476245321,28.0,100.0,107.30175640656493,0.27770742495800965,123.99999173333387,1,1,1
Andy_Kim_-_Baby_I_Love_You.mid,andy_kim_-_baby_i_love_you,176.4221095,13,11,2,7677,43.51495411633767,57.86817767357041,28.0,93.0,87.9558421258304,0.31043595514632455,108.99994368336242,1,1,1
Andy_Kim_-_Rock_Me_Gently.mid,andy_kim_-_rock_me_gently,207.48451357291668,16,14,2,9181,44.2490855915061,57.477943579130816,29.0,88.0,83.55397015575646,0.24682721294997848,122.00006913337249,1,1,3
Animotion_-_Obsession.mid,animotion_-_obsession,240.949726,17,12,5,7154,29.69084098481191,54.90159351411798,24.0,86.0,122.70659770757618,0.1772273695624824,114.49999157501273,4,1,1
Anita_Baker_-_Sweet_Love.mid,anita_baker_-_sweet_love,256.4493228,11,10,1,6333,24.69493750599212,59.40154744986578,29.0,79.0,85.33285962419075,0.396980502186957,89.00004005001801,1,1,1
Anita_Ward_-_Ring_My_Bell.mid,anita_ward_-_ring_my_bell,206.86997041666666,11,10,1,6934,33.518639684792824,56.253533314104416,29.0,108.0,67.34237092587252,0.13494836187626194,122.99996925000768,1,1,1
Anne_Murray_-_Snowbird.mid,anne_murray_-_snowbird,125.60710399999999,14,13,1,5349,42.58517097886438,56.58758646475977,31.0,88.0,86.26939614881286,0.2539395193474636,214.00063486855012,1,0,1
Anne_Murray_-_You_Needed_Me.mid,anne_murray_-_you_needed_me,206.76924799999998,10,9,1,2200,10.639880065724281,55.72772727272727,24.0,89.0,95.915,1.0172902945643938,64.99999458333379,1,1,1
Another_Level_-_Freak_Me.mid,another_level_-_freak_me,183.35458383333335,10,9,1,3413,18.6142060298987,54.93348959859361,24.0,86.0,95.97187225314973,0.33219887093466166,68.0000725334107,1,0,1
Another_Level_-_I_Want_You_For_Myself.mid,another_level_-_i_want_you_for_myself,302.07997645833336,14,13,1,8553,28.31369394382794,63.204723488834325,27.0,104.0,81.66736817490938,0.269484211929781,131.00007641671124,1,0,2
Aqua_-_Barbie_Girl.mid,aqua_-_barbie_girl,194.54345625000002,11,9,2,11808,60.69595054806681,54.65718157181572,27.0,87.0,77.50381097560975,0.15541959632240845,126.00012600012599,1,1,1
Aqua_-_My_Oh_My.mid,aqua_-_my_oh_my,203.90752430416666,15,11,4,6732,33.01496608804856,58.57947118241236,31.0,91.0,102.32605466428996,0.23454482741755797,133.00024161710562,1,1,1
Aretha_Franklin_-_Respect.mid,aretha_franklin_-_respect,155.4244549875,12,11,1,4594,29.557768115509695,54.46343056160209,24.0,96.0,98.83979103178058,0.2931689111558557,116.00008506672903,1,0,1
Aretha_Franklin_-_Think.mid,aretha_franklin_-_think,193.40207676562503,11,10,1,11064,57.207245056669926,61.547180043383946,28.0,96.0,78.71366594360087,0.21123188201129042,129.00423778921137,1,0,1
Aretha_Franklin_-_You_Make_Me_Feel_Like_a_Natural_Woman.mid,aretha_franklin_-_you_make_me_feel_like_a_natural_woman,192.67864849999998,11,10,1,2994,15.538826036554852,56.67835671342685,29.0,84.0,85.11022044088176,0.5314500169505679,55.99997760000896,1,1,1
Arlo_Guthrie_-_City_of_New_Orleans.mid,arlo_guthrie_-_city_of_new_orleans,180.396506625,16,15,1,3764,20.86514905648606,53.277364505844844,24.0,88.0,86.8451115834219,0.43063128227948994,145.00003625000906,1,1,1
Asia_-_Heat_Of_The_Moment.mid,asia_-_heat_of_the_moment,231.99099585416667,21,20,1,5112,22.035337971536993,53.525625978090765,27.0,85.0,82.64475743348983,0.4512724588223786,132.0000778611877,9,1,33
Asia_-_Only_Time_Will_Tell.mid,asia_-_only_time_will_tell,311.18967,17,16,1,6522,20.958279238510713,50.390677706225084,21.0,91.0,96.80926096289481,0.3194910173183071,118.09106491385101,11,0,1
Atlanta_Rhythm_Section_-_Imaginary_Lover.mid,atlanta_rhythm_section_-_imaginary_lover,187.090722,9,7,2,2855,15.259976387284453,54.51908931698774,36.0,92.0,83.34115586690018,0.6664079468695272,110.00011000011,1,1,6
Atlantic_Starr_-_Always.mid,atlantic_starr_-_always,215.96432170833333,10,9,1,5344,24.744828024034643,57.48858532934132,31.0,98.0,61.606474550898206,0.39633507461015466,69.99998833333528,1,1,1
Average_White_Band_-_Cut_the_Cake.mid,average_white_band_-_cut_the_cake,248.0279762,9,8,1,7540,30.399796488763993,54.85742705570292,28.0,78.0,83.0844827586207,0.14219697739832016,107.9999136000691,1,1,1
Average_White_Band_-_Pick_Up_the_Pieces.mid,average_white_band_-_pick_up_the_pieces,186.43996396666665,10,9,1,7204,38.639784339842464,56.81010549694614,28.0,84.0,81.05607995558023,0.14109167465991118,107.9999136000691,1,1,1
BJ_Thomas_-_Hooked_on_a_Feeling.mid,bj_thomas_-_hooked_on_a_feeling,161.95126000000002,10,9,1,4436,27.39095700768243,51.99706943192065,18.0,78.0,79.809738503156,0.40193420210587627,122.99996925000767,1,1,1
Babyface_-_Change_the_World.mid,babyface_-_change_the_world,236.26158850000002,12,8,4,3920,16.59177873512012,54.73545918367347,28.0,92.0,104.4436224489796,0.6920333227705145,78.60008025009576,5,1,2
Babyface_-_When_Can_I_See_You_Again.mid,babyface_-_when_can_i_see_you_again,221.01698651666666,4,2,2,1629,7.370474214103715,57.918354818907304,40.0,78.0,90.85267034990792,0.4903104334561081,88.00002346667293,1,1,1
Backstreet_Boys_-_All_I_Have_to_Give.mid,backstreet_boys_-_all_i_have_to_give,252.9084880416667,7,6,1,4229,16.721463295859298,61.751950815795695,26.0,90.0,73.19460865452825,0.5734235980728304,95.00224838654515,1,0,1
Backstreet_Boys_-_As_Long_As_You_Love_Me.mid,backstreet_boys_-_as_long_as_you_love_me,210.90417749166664,16,15,1,4870,23.091055179276502,55.00164271047228,28.0,115.0,92.83449691991787,0.40624857883128,98.99993565004183,1,1,1
Backstreet_Boys_-_Back_to_Your_Heart.mid,backstreet_boys_-_back_to_your_heart,275.1038915625,10,9,1,3960,14.394561914440748,57.844949494949496,26.0,88.0,90.46111111111111,0.5959291880208333,90.00009000009,1,1,1
Backstreet_Boys_-_Everybody.mid,backstreet_boys_-_everybody,226.30110696666665,11,10,1,3031,13.393659627332072,51.85846255361267,25.0,97.0,98.39623886506104,0.521169020378313,161.99987040010365,2,1,1
Backstreet_Boys_-_I'll_Never_Break_Your_Heart.mid,backstreet_boys_-_i'll_never_break_your_heart,263.6361,10,9,1,3287,12.46794350242626,54.47337998174628,24.0,96.0,100.0,0.5383461165196228,165.000165000165,1,2,1
Backstreet_Boys_-_I_Need_You_Tonight.mid,backstreet_boys_-_i_need_you_tonight,113.0487315,1,1,0,357,3.157930171025404,59.64425770308123,36.0,77.0,127.0,1.1769824782913163,41.00001776667437,1,1,1
Backstreet_Boys_-_I_Want_It_That_Way.mid,backstreet_boys_-_i_want_it_that_way,214.60694999999998,16,15,1,5975,27.841595996774572,55.948953974895396,28.0,102.0,83.87430962343096,0.39640787289260815,85.59995975335603,5,1,1
Backstreet_Boys_-_Larger_Than_Life.mid,backstreet_boys_-_larger_than_life,208.97075192708337,7,6,1,3696,17.686685652974315,47.788419913419915,27.0,75.0,101.86282467532467,0.3278195018178436,116.00008506672903,1,0,1
Backstreet_Boys_-_Let_the_Music_Heal_Your_Soul.mid,backstreet_boys_-_let_the_music_heal_your_soul,270.28125,7,6,1,5235,19.368713146028444,57.56676217765043,22.0,96.0,94.42884431709646,0.6868276922158548,80.0,1,1,1
Backstreet_Boys_-_Like_A_Child.mid,backstreet_boys_-_like_a_child,326.4999199999999,17,16,1,3388,10.376725360300243,55.86865407319953,25.0,98.0,80.63341204250295,0.9957730131714877,66.50000862500217,2,1,1
Backstreet_Boys_-_My_Heart_Stays_With_You.mid,backstreet_boys_-_my_heart_stays_with_you,217.38998400000003,9,8,1,3152,14.499288062875976,51.92290609137056,24.0,94.0,76.59168781725889,0.6645446329526229,78.33337750003709,3,1,1
Backstreet_Boys_-_No_One_Else_Comes_Close.mid,backstreet_boys_-_no_one_else_comes_close,217.81228486666657,12,11,1,3463,15.899011399287554,56.82356338434883,25.0,94.0,80.45278660121282,0.597253843974396,47.45833028472504,24,1,1
Backstreet_Boys_-_Quit_Playing_Games_With_My_Heart.mid,backstreet_boys_-_quit_playing_games_with_my_heart,235.07500000000002,15,13,2,3002,12.770392427948526,56.549966688874086,35.0,84.0,96.26915389740174,0.4873022151898735,99.99999999999999,1,0,1
Backstreet_Boys_-_Shape_of_My_Heart.mid,backstreet_boys_-_shape_of_my_heart,231.1369348333334,21,19,2,6033,26.10141042300415,54.71258080556937,27.0,81.0,110.0,0.5428488825919251,79.96004733671029,25,0,1
Backstreet_Boys_-_Show_Me_the_Meaning.mid,backstreet_boys_-_show_me_the_meaning,228.8719557,14,13,1,4089,17.865884824088127,53.223037417461484,25.0,95.0,85.08021521154316,0.5460250268525313,86.00005160003096,1,1,1
Backstreet_Boys_-_The_One.mid,backstreet_boys_-_the_one,224.4865507083333,14,13,1,7378,32.866111474027456,52.422878828950935,22.0,80.0,102.0910815939279,0.3871895091827053,109.99990833340973,1,1,1
Bad_English_-_When_I_See_You_Smile.mid,bad_english_-_when_i_see_you_smile,287.99583333333334,2,2,0,1703,5.913279995370304,63.079271873165006,33.0,90.0,77.12800939518496,0.6392151105891587,120.0,1,2,1
Bad_Religion_-_A_Walk.mid,bad_religion_-_a_walk,110.581329,9,7,2,3082,27.870889488043684,49.744970798183,28.0,84.0,66.0921479558728,0.19944541366198898,172.00010320006194,1,1,1
Bad_Religion_-_American_Jesus.mid,bad_religion_-_american_jesus,95.24151577083333,7,6,1,3323,34.89024689606664,49.51790550707192,28.0,69.0,91.10111345170027,0.15099756101414386,194.00021986691584,1,1,1
Badfinger_-_Baby_Blue.mid,badfinger_-_baby_blue,208.93056607499997,14,11,3,5075,24.29036638984754,50.37990147783251,29.0,82.0,92.71330049261084,0.4953679200886701,122.5000793750686,2,1,1
Badfinger_-_Come_And_Get_It.mid,badfinger_-_come_and_get_it,113.71693468750001,7,5,2,3360,29.54705039520677,53.45892857142857,24.0,76.0,93.99732142857142,0.2434937868055555,114.00017100025649,1,1,1
Badfinger_-_Day_After_Day.mid,badfinger_-_day_after_day,218.05833333333334,9,8,1,4049,18.568425879925098,53.63126697950111,36.0,86.0,83.7683378612003,0.634410656952334,80.0,3,1,1
Badfinger_-_No_Matter_What.mid,badfinger_-_no_matter_what,170.05833333333334,7,4,3,2438,14.336257166658498,54.35315832649713,36.0,93.0,119.27481542247745,0.4563935602953255,120.0,1,1,1
Bananarama_-_Cruel_Summer.mid,bananarama_-_cruel_summer,230.97199125000003,11,8,3,5453,23.60892318799715,58.258389877131854,35.0,78.0,110.0,0.419236613045571,108.000108000108,1,1,1
Bananarama_-_Venus.mid,bananarama_-_venus,243.703125,10,6,4,8895,36.49932679361416,53.97268128161889,26.0,95.0,75.29173693086004,0.16810422814783585,128.0,1,0,1
Barbra_Streisand_-_The_Way_We_Were.mid,barbra_streisand_-_the_way_we_were,147.18022050000002,23,16,7,3266,22.190481770612646,54.24096754439682,28.0,95.0,84.96509491733006,0.5518661518613492,66.16670367224957,6,0,5
Barbra_Streisand_-_Woman_In_Love.mid,barbra_streisand_-_woman_in_love,235.72926095833333,10,9,1,4164,17.66433230678144,54.00744476464938,23.0,91.0,77.46613832853026,0.5367937625880564,83.99996640001345,1,1,1
Barenaked_Ladies_-_One_Week.mid,barenaked_ladies_-_one_week,174.54559999999998,14,13,1,8200,46.97912751739374,58.134878048780486,21.0,84.0,89.72682926829269,0.22902568974593493,109.99990833340973,1,1,1
Barenaked_Ladies_-_Shoe_Box.mid,barenaked_ladies_-_shoe_box,182.33748,7,6,1,4388,24.065266230508396,53.56381039197812,28.0,79.0,80.30856882406563,0.23939971798085685,154.000154000154,1,1,1
Barenaked_Ladies_-_The_Old_Apartment.mid,barenaked_ladies_-_the_old_apartment,193.62371388541663,6,4,2,3061,15.809013981683307,52.52009147337471,27.0,82.0,71.359359686377,0.3335593481526661,57.60200285467057,20,1,1
Barry_Manilow_-_Copacabana.mid,barry_manilow_-_copacabana,243.26706371666668,13,12,1,7899,32.470486876924575,58.13951133054817,27.0,104.0,90.42321812887707,0.28818554766426124,178.0000425333645,2,1,2
Barry_Manilow_-_Even_Now.mid,barry_manilow_-_even_now,201.82349191666665,13,12,1,2676,13.259110595038788,57.19506726457399,28.0,100.0,79.41330343796712,0.8645721087482866,70.22222004445103,18,1,1
Barry_Manilow_-_Mandy.mid,barry_manilow_-_mandy,239.423045,13,11,2,2689,11.23116615612336,57.544068426924504,24.0,96.0,72.82075120862774,0.8206366729143424,104.00001386666852,1,1,1
Beastie_Boys_-_Fight_For_Your_Right_to_Party.mid,beastie_boys_-_fight_for_your_right_to_party,195.26628,7,6,1,3463,17.734756866367302,48.36153624025412,27.0,73.0,119.08114351718163,0.43968750210258484,135.1999945920002,1,1,1
Beastie_Boys_-_Intergalactic.mid,beastie_boys_-_intergalactic,207.8527683375,8,7,1,3288,15.81888962220183,44.818430656934304,26.0,83.0,120.65267639902676,0.370477413093066,210.00021000021,1,1,1
Beastie_Boys_-_Sabotage.mid,beastie_boys_-_sabotage,232.98990292083332,10,9,1,10553,45.29380830544301,47.20250165829622,27.0,96.0,126.5934805268644,0.15536320366562437,175.00007291669706,1,1,1
Beau_Brummels_-_Laugh_Laugh.mid,beau_brummels_-_laugh_laugh,172.8,8,7,1,5102,29.525462962962962,53.398667189337516,33.0,79.0,92.35456683653469,0.39427048216385724,125.0,1,1,1
Bee_Gees_-_How_Can_You_Mend_a_Broken_Heart.mid,bee_gees_-_how_can_you_mend_a_broken_heart,238.31239593749996,12,11,1,5579,23.41044819784848,58.79494533070443,28.0,97.0,84.86735974188923,0.6568952103572923,55.66666260833592,6,1,1
Bee_Gees_-_How_Deep_Is_Your_Love.mid,bee_gees_-_how_deep_is_your_love,249.20068792708332,11,10,1,6172,24.767186845832228,55.932112767336356,29.0,92.0,79.05281918340894,0.4368781432426685,104.00001386666852,1,1,1
Bee_Gees_-_I_Just_Want_to_Be_Your_Everything.mid,bee_gees_-_i_just_want_to_be_your_everything,226.8,6,5,1,3514,15.493827160493826,54.480648833238476,21.0,85.0,82.42743312464428,0.3643116818440516,100.0,1,1,8
Bee_Gees_-_I_Started_A_Joke.mid,bee_gees_-_i_started_a_joke,191.15662733333335,11,10,1,3248,16.991302082015878,56.48275862068966,33.0,91.0,69.71582512315271,0.5115558604301366,69.33333684444914,3,1,1
Bee_Gees_-_Jive_Talkin'.mid,bee_gees_-_jive_talkin',240.50250721666666,5,4,1,6279,26.107835933466184,54.745978659022136,24.0,96.0,106.69374104156712,0.15244020736316824,107.9999136000691,1,1,1
Bee_Gees_-_Love_You_Inside_Out.mid,bee_gees_-_love_you_inside_out,255.54848489583333,15,14,1,7190,28.135561057741306,57.05549374130737,28.0,98.0,89.0066759388039,0.4556121507012063,96.99999183333469,2,1,1
Bee_Gees_-_Massachusetts.mid,bee_gees_-_massachusetts,145.98540523958337,11,10,1,3417,23.4064493939802,53.412057360257535,31.0,105.0,81.76148668422593,0.38735726271217463,83.30769137950348,13,1,1
Bee_Gees_-_More_Than_A_Woman.mid,bee_gees_-_more_than_a_woman,187.049758725,7,6,1,5450,29.13663207666883,56.769174311926605,28.0,126.0,101.27119266055045,0.23952241474311925,109.49992600838607,2,1,1
Bee_Gees_-_Night_Fever.mid,bee_gees_-_night_fever,218.571312,8,7,1,4703,21.517004939788254,53.53816712736551,1.0,99.0,99.95619817137997,0.42805955876745333,112.00005973336519,1,1,1
Bee_Gees_-_Nights_On_Broadway.mid,bee_gees_-_nights_on_broadway,251.33660229166668,10,9,1,7499,29.83648195935144,56.57327643685825,27.0,89.0,88.29630617415656,0.2919995596785125,90.28570028096621,7,1,3
Bee_Gees_-_Stayin_Alive.mid,bee_gees_-_stayin_alive,289.02039415625,11,10,1,16667,57.66721081623568,62.6265074698506,29.0,96.0,77.21137577248454,0.14538673634152308,104.00001386666852,1,1,1
Bee_Gees_-_To_Love_Somebody.mid,bee_gees_-_to_love_somebody,175.77786566666668,8,7,1,1923,10.939943961127891,56.48361934477379,36.0,88.0,79.11700468018721,0.5348301050528688,89.9999550000225,1,1,1
Bee_Gees_-_Too_Much_Heaven.mid,bee_gees_-_too_much_heaven,302.8349425625,14,13,1,8387,27.69495464767599,57.70895433408847,25.0,92.0,73.04638130439966,0.4522306736616191,83.99996640001345,1,1,25
Bee_Gees_-_Tragedy.mid,bee_gees_-_tragedy,310.39349038541667,12,11,1,6135,19.76523409811897,51.52127139364303,25.0,85.0,87.15240423797881,0.3778479452883051,113.99995440001824,1,1,1
Bee_Gees_-_Words.mid,bee_gees_-_words,190.50575558333333,7,6,1,2555,13.411668283598713,56.56360078277886,26.0,96.0,127.0,0.6348984628180038,68.36362640606772,11,1,1
Belinda_Carlisle_-_Heaven_Is_a_Place_on_Earth.mid,belinda_carlisle_-_heaven_is_a_place_on_earth,252.82526645833335,13,12,1,6738,26.65081735851923,53.94761056693381,28.0,83.0,92.82873256159098,0.2831117815700133,122.99996925000768,1,2,11
Belinda_Carlisle_-_Mad_About_You.mid,belinda_carlisle_-_mad_about_you,197.7084915,5,4,1,2928,14.809682567427812,48.96174863387978,36.0,95.0,58.22165300546448,0.32465896684596984,143.99988480009216,1,1,1
Ben_E_King_-_Stand_By_Me.mid,ben_e_king_-_stand_by_me,170.88,11,8,3,3746,21.92181647940075,66.0269620928991,38.0,93.0,68.85718099305926,0.37472570742124933,125.0,1,0,1
Ben_Folds_Five_-_Brick.mid,ben_folds_five_-_brick,167.34028706666666,5,4,1,1525,9.113167108363186,49.95737704918033,35.0,81.0,60.0,0.5143690165683057,96.99995311668933,1,0,1
Berlin_-_Take_My_Breath_Away.mid,berlin_-_take_my_breath_away,247.48723302083332,11,10,1,4318,17.447364647034192,53.71838814265864,22.0,85.0,87.73853635942567,0.438745896631832,96.99995311668933,1,1,1
Berlin_-_The_Metro.mid,berlin_-_the_metro,250.49609375,5,4,1,3232,12.902396806337425,46.25,27.0,95.0,110.0,0.3751728322246287,160.0,1,1,1
Bertie_Higgins_-_Key_Largo.mid,bertie_higgins_-_key_largo,204.17000000000002,18,5,13,4817,23.59308419454376,49.867344820427654,28.0,83.0,95.08843678638156,0.31769566119991677,100.0,1,1,1
Bette_Midler_-_From_A_Distance.mid,bette_midler_-_from_a_distance,286.62757595000005,8,4,4,3498,12.2039897536244,52.100628930817614,26.0,83.0,100.08261863922242,0.7034094016437966,55.43477786594458,23,1,1
Bette_Midler_-_The_Rose.mid,bette_midler_-_the_rose,219.44294492500003,9,8,1,2596,11.829954254793865,50.50346687211094,24.0,79.0,74.95762711864407,0.7035619216390606,60.53999258633631,50,1,1
Bill_Withers_-_Just_the_two_of_us.mid,bill_withers_-_just_the_two_of_us,365.14652000000007,10,9,1,6899,18.89378543166726,60.083925206551676,28.0,90.0,99.44354254239745,0.27225869604290476,85.24757867963712,31,0,6
Bill_Withers_-_Lean_on_Me.mid,bill_withers_-_lean_on_me,224.73823725,4,3,1,3531,15.711612065694442,49.41149815916171,28.0,74.0,104.58453695836873,0.44748973697252875,86.00005160003097,1,1,1
Billie_Myers_-_Kiss_The_Rain.mid,billie_myers_-_kiss_the_rain,267.1022015,18,12,6,5190,19.4307645944281,45.98208092485549,25.0,81.0,86.39942196531791,0.3704429516618496,88.00002346667293,1,1,1
Billy_Idol_-_Catch_my_Fall.mid,billy_idol_-_catch_my_fall,224.23651041666668,12,11,1,8921,39.78388703705467,51.45533011994171,26.0,93.0,94.87445353659903,0.25434385595901987,131.00007641671124,1,1,1
Billy_Idol_-_Dancing_With_Myself.mid,billy_idol_-_dancing_with_myself,200.4331851875,12,11,1,9587,47.831400728535115,48.2415771357046,28.0,78.0,84.41493689371023,0.2094254979333994,176.00004693334586,1,1,1
Billy_Idol_-_Eyes_Without_A_Face.mid,billy_idol_-_eyes_without_a_face,303.1688625,9,8,1,4469,14.740959751432257,48.69098232266726,28.0,83.0,99.79324233609309,0.33456334116506303,85.20004260002132,1,1,1
Billy_Idol_-_Flesh_for_Fantasy.mid,billy_idol_-_flesh_for_fantasy,245.21063052083332,15,14,1,6366,25.96135406722972,52.34605717876217,28.0,91.0,94.86726358781024,0.28751378322991944,91.99998773333496,1,1,1
Billy_Idol_-_Hot_in_the_City.mid,billy_idol_-_hot_in_the_city,216.00586182291667,16,15,1,6468,29.943631832095917,58.92779839208411,27.0,80.0,117.61471861471861,0.22340948791164197,109.99990833340972,1,1,1
Billy_Idol_-_Mony_Mony.mid,billy_idol_-_mony_mony,214.0074653958333,6,5,1,5133,23.985144585988536,54.511007208260274,28.0,100.0,113.21936489382428,0.17078877447399163,113.86793193872296,53,1,1
Billy_Idol_-_Rebel_Yell.mid,billy_idol_-_rebel_yell,290.357259,11,10,1,7191,24.766041754099902,49.208872201362816,28.0,95.0,93.05214851898207,0.2564304857478822,167.9999328000269,1,1,1
Billy_Idol_-_White_Wedding.mid,billy_idol_-_white_wedding,201.85416666666666,9,8,1,4846,24.00743110744143,46.58398679323153,28.0,78.0,90.70738753611226,0.3501450938918697,150.0,1,1,1
Billy_Joel_-_Allentown.mid,billy_joel_-_allentown,184.61124201041667,7,7,0,1672,9.056869894768692,59.05502392344498,19.0,84.0,64.0,0.4410414748056219,126.99998518333506,1,1,1
Billy_Joel_-_Big_Shot.mid,billy_joel_-_big_shot,215.5288905,6,5,1,5363,24.882975027424457,52.092112623531605,26.0,84.0,101.48610852134999,0.2647224828279413,152.3078446155369,13,1,1
Billy_Joel_-_Goodnight_Saigon.mid,billy_joel_-_goodnight_saigon,345.881984,14,7,7,3928,11.356474698607025,56.82026476578412,33.0,86.0,101.40071283095723,0.7842863699083501,68.0000725334107,1,0,1
Billy_Joel_-_Honesty.mid,billy_joel_-_honesty,192.984375,6,5,1,2553,13.22905027932961,56.29925577751665,28.0,94.0,85.07755581668626,0.5125220329024677,80.0,1,0,1
Billy_Joel_-_It's_Still_Rock_and_Roll_to_Me.mid,billy_joel_-_it's_still_rock_and_roll_to_me,183.60000000000002,5,4,1,3258,17.745098039215684,48.60957642725599,36.0,76.0,105.54358502148557,0.2506589548802947,199.99999999999997,1,1,1
Billy_Joel_-_Just_the_Way_You_Are.mid,billy_joel_-_just_the_way_you_are,295.5716157666667,12,11,1,3195,10.809562994446095,53.79655712050078,26.0,93.0,83.38998435054773,0.7574116131611894,118.99992463338106,1,1,1
Billy_Joel_-_My_Life.mid,billy_joel_-_my_life,298.31411140625005,6,5,1,7954,26.66317044978166,50.679532310787025,30.0,91.0,102.7476741262258,0.30778523710554434,142.00007100003546,1,1,1
Billy_Joel_-_New_York_State_of_Mind.mid,billy_joel_-_new_york_state_of_mind,339.8632726979167,10,4,6,2706,7.962025371318055,52.28640059127864,29.0,86.0,89.69549150036956,0.4938247005458552,50.85714068333618,21,1,1
Billy_Joel_-_Only_the_Good_Die_Young.mid,billy_joel_-_only_the_good_die_young,198.4,12,7,5,3685,18.57358870967742,53.31696065128901,29.0,88.0,94.75251017639077,0.31476255088195376,150.0,1,0,1
Billy_Joel_-_Piano_Man.mid,billy_joel_-_piano_man,333.4011438333333,4,4,0,2809,8.4252860314247,65.062655749377,36.0,79.0,93.26593093627625,0.5301211913974414,147.0000955500621,1,1,1
Billy_Joel_-_River_of_Dreams.mid,billy_joel_-_river_of_dreams,215.99455244166668,10,8,2,3855,17.84767234368614,56.85706874189364,26.0,91.0,103.06381322957199,0.2845454658063124,89.9999550000225,1,1,1
Billy_Joel_-_Scenes_from_an_Italian_Restaurant.mid,billy_joel_-_scenes_from_an_italian_restaurant,414.74280374999995,5,5,0,3704,8.930836090486357,56.539416846652266,26.0,81.0,89.21382289416847,0.34795176329643634,82.0008200082001,1,0,1
Billy_Joel_-_She's_Got_a_Way.mid,billy_joel_-_she's_got_a_way,202.15104166666666,3,3,0,853,4.219617138587587,64.22157092614303,43.0,79.0,127.0,0.9157935228604924,60.0,1,1,1
Billy_Joel_-_Tell_Her_About_It.mid,billy_joel_-_tell_her_about_it,241.315816875,8,7,1,6755,27.99236323369158,51.946262028127315,29.0,84.0,100.29844559585493,0.2330713667962003,180.99984313346928,1,1,1
Billy_Joel_-_The_Longest_Time.mid,billy_joel_-_the_longest_time,211.50106259375,7,6,1,2048,9.683166480982587,54.2578125,29.0,75.0,103.2841796875,0.3977811468887328,92.00012880018032,1,0,1
Billy_Joel_-_The_Stranger.mid,billy_joel_-_the_stranger,289.73655599999995,9,8,1,7065,24.384220263873093,57.082094833687194,28.0,94.0,88.60537862703468,0.25605170530785565,85.00004750007126,3,0,12
Billy_Joel_-_Uptown_Girl.mid,billy_joel_-_uptown_girl,192.44028375,8,7,1,6136,31.885215924807635,59.40743155149935,36.0,87.0,127.0,0.25860964314088986,126.00012600012602,1,1,1
Billy_Joel_-_You_May_Be_Right.mid,billy_joel_-_you_may_be_right,263.139022575,16,9,7,9119,34.654685233547596,51.670248930803815,28.0,78.0,79.284022370874,0.28947459028950534,140.00014000014,1,1,1
Billy_Ocean_-_Loverboy.mid,billy_ocean_-_loverboy,264.89604525,14,5,9,4656,17.576706347600712,44.906786941580755,25.0,83.0,105.39411512027492,0.2712501772265179,107.9999136000691,1,1,1
Billy_Ocean_-_Suddenly.mid,billy_ocean_-_suddenly,225.34837675000006,16,15,1,3586,15.91313881075027,60.64584495259342,27.0,106.0,115.55577244841048,0.5780216540931751,51.500021048624355,24,1,3
Billy_Preston_-_Will_it_Go_Round_in_Circles.mid,billy_preston_-_will_it_go_round_in_circles,213.20378399999996,10,9,1,7663,35.94213881307098,57.886206446561395,29.0,95.0,86.33811823045805,0.1869300169483231,103.0000480666891,1,1,1
Billy_Ray_Cyrus_-_Achy_Breaky_Heart.mid,billy_ray_cyrus_-_achy_breaky_heart,195.596,10,8,2,6255,31.979181578355384,50.9154276578737,28.0,93.0,112.50167865707434,0.25127034372502,125.0,1,1,1
Billy_Swan_-_I_Can_Help.mid,billy_swan_-_i_can_help,237.99479166666666,13,12,1,6640,27.89977021555969,55.440963855421685,28.0,108.0,78.79894578313252,0.31570343875501905,120.0,1,0,1
Black_Rob_-_Whoa.mid,black_rob_-_whoa,311.07615716666663,4,3,1,4345,13.967640720442809,59.63153049482163,35.0,82.0,100.0,0.13251032182585326,95.70003780151492,1,0,1
Blackstreet_-_No_Diggity.mid,blackstreet_-_no_diggity,204.74709887499998,6,5,1,2084,10.178410397269177,48.61996161228407,27.0,67.0,101.84452975047985,0.15908216816368745,89.00004005001804,1,1,1
Blackstreet_-_Take_Me_There.mid,blackstreet_-_take_me_there,234.9,7,6,1,3206,13.648361004682844,64.41671865252651,39.0,84.0,100.0,0.4148471615720524,99.99999999999999,1,1,1
Blaque_-_Bring_It_All_To_Me.mid,blaque_-_bring_it_all_to_me,215.71619506249996,6,5,1,3068,14.222390669885037,57.16558018252933,29.0,81.0,102.85006518904824,0.3898523068774445,89.00004005001804,1,0,1
Blink_182_-_All_the_Small_Things.mid,blink_182_-_all_the_small_things,160.86190645,9,8,1,6872,42.719871669157385,46.2779394644936,29.0,65.0,127.0,0.22235381458636497,151.99993920002433,1,1,1
Blink_182_-_Dammit.mid,blink_182_-_dammit,149.75679468750002,10,9,1,8097,54.06766362017926,52.67704087933803,36.0,76.0,72.69383722366308,0.2055018718738422,234.00023400023397,1,1,1
Blink_182_-_Dumpweed.mid,blink_182_-_dumpweed,153.15766499999998,5,4,1,4154,27.122377453325633,47.1605681271064,28.0,69.0,101.7217140105922,0.19311097911651415,190.0002850004275,1,1,1
Blink_182_-_Josie.mid,blink_182_-_josie,198.4474536,7,6,1,10588,53.35417415504696,54.28315073668304,35.0,73.0,127.0,0.14650468695693242,201.00031155048293,1,1,1
Bloodhound_Gang_-_Fire_Water_Burn.mid,bloodhound_gang_-_fire_water_burn,270.0,9,8,1,7117,26.35925925925926,46.0681466910215,26.0,69.0,76.29492763804974,0.21862595721511288,96.0,1,0,1
Bloodhound_Gang_-_The_Bad_Touch.mid,bloodhound_gang_-_the_bad_touch,240.96667349999998,15,14,1,9746,40.445426989720225,53.67679047814488,32.0,87.0,113.84280730556125,0.2610173237080169,122.88006291459222,1,1,1
Blur_-_Charmless_Man.mid,blur_-_charmless_man,206.9781597656249,9,8,1,4512,21.7994014687793,52.96254432624114,28.0,81.0,106.18439716312056,0.23133996838407753,85.49999162754486,66,1,1
Blur_-_Country_House.mid,blur_-_country_house,215.17236,10,9,1,6960,32.34616193269433,56.87155172413793,24.0,97.0,96.27586206896552,0.16558800689206168,87.00002175000543,1,0,1
Blur_-_Song_2.mid,blur_-_song_2,118.88719171875,10,9,1,4234,35.6135925055436,53.159423712801136,27.0,84.0,106.09329239489844,0.20165580992412618,132.000132000132,1,1,1
Blur_-_Tender.mid,blur_-_tender,276.92315999999994,8,7,1,6923,24.99971472230781,53.24064711830131,28.0,85.0,78.54932832587029,0.33815478464658866,77.99997660000703,1,1,1
Bo_Diddley_-_Bo_Diddley.mid,bo_diddley_-_bo_diddley,154.85936895,9,5,4,6702,43.27797565908911,53.12324679200239,29.0,79.0,122.5616233960012,0.17553626703222927,210.00021000021,1,1,1
Bob_Dylan_-_Subterranean_Homesick_Blues.mid,bob_dylan_-_subterranean_homesick_blues,141.20948821875,9,8,1,9792,69.34378223105693,56.681576797385624,35.0,85.0,93.87428513071896,0.23608320928436474,170.0000850000425,1,1,1
Bob_Marley_-_Could_You_Be_Loved.mid,bob_marley_-_could_you_be_loved,210.6860465116279,1,1,0,20795,98.70136320989018,67.68295263284443,25.0,103.0,38.337484972349124,0.055875462012894415,120.0,1,0,0
Bob_Welch_-_Precious_Love.mid,bob_welch_-_precious_love,162.91305999999997,9,7,2,4458,27.36428865801183,52.14311350381337,28.0,87.0,72.23441004934948,0.38045523609241805,127.00025400050801,1,1,0
Bob_Welch_-_Sentimental_Lady.mid,bob_welch_-_sentimental_lady,261.44593999999995,19,9,10,4998,19.116762723490755,54.54321728691477,29.0,74.0,112.42456982793117,0.6532629017807121,82.9999502000299,1,1,1
Bob_Wills_-_Faded_Love.mid,bob_wills_-_faded_love,159.0,9,8,1,2385,15.0,52.638155136268345,28.0,86.0,106.61761006289308,0.5923102725366877,100.0,1,2,1
Bob_Wills_-_San_Antonio_Rose.mid,bob_wills_-_san_antonio_rose,115.37792199999997,9,8,1,5789,50.17424390777294,56.828986007946106,30.0,93.0,105.2122991881154,0.20719666597426148,224.99971875035163,1,5,1
Bobby_Brown_-_My_Perogative.mid,bobby_brown_-_my_perogative,305.3684362916666,23,11,12,12278,40.20716793491031,50.068659390780255,24.0,91.0,96.91513275777814,0.16136932400771023,109.99990833340973,1,1,1
Bobby_Darin_-_Dream_Lover.mid,bobby_darin_-_dream_lover,148.89495599999998,12,7,5,5713,38.369332000742865,56.35270435848066,35.0,82.0,61.49483633817609,0.16534687165237177,131.000131000131,2,2,1
Bobby_Darin_-_Mack_the_Knife.mid,bobby_darin_-_mack_the_knife,212.547864375,11,10,1,3422,16.09990300331852,59.47662185856225,31.0,96.0,93.98714202220924,0.2687921602863825,130.00013000013,1,1,1
Bobby_Fuller_Four_-_I_Fought_The_Law.mid,bobby_fuller_four_-_i_fought_the_law,186.666816,9,7,2,6774,36.289256682880364,50.372748745202244,28.0,80.0,112.89016829052258,0.19586816611769264,143.99988480009216,1,1,1
Bobby_Vinton_-_Blue_Velvet.mid,bobby_vinton_-_blue_velvet,137.984375,9,8,1,4188,30.351262597667308,63.22134670487106,29.0,89.0,126.45033428844317,0.4406302232569245,80.0,1,0,1
Bobby_Vinton_-_Sealed_With_a_Kiss.mid,bobby_vinton_-_sealed_with_a_kiss,146.50745126041662,11,10,1,2612,17.828444748227696,58.613705972434914,34.0,90.0,83.45176110260337,0.5131986558312593,83.79999476667183,5,2,1
Bone_Thugs_N_Harmony_-_Days_of_Our_Livez.mid,bone_thugs_n_harmony_-_days_of_our_livez,275.00008249999996,10,9,1,2116,7.694543146182512,55.81947069943289,29.0,87.0,100.01890359168242,0.6004770111255514,77.99997660000703,1,1,1
Bone_Thugs_N_Harmony_-_Look_Into_My_Eyes.mid,bone_thugs_n_harmony_-_look_into_my_eyes,253.21011199999998,9,8,1,3981,15.722120923827877,50.38784225069078,33.0,97.0,96.43983923637278,0.3607794190739346,144.0700756848131,1,1,1
Bonnie_Tyler_-_Holding_Out_for_a_Hero.mid,bonnie_tyler_-_holding_out_for_a_hero,311.2993830208334,8,6,2,8874,28.50632055189816,49.88618435880099,33.0,77.0,105.75197205318909,0.20553716002695155,138.00019320027047,1,1,1
Bonnie_Tyler_-_Total_Eclipse_of_the_Heart.mid,bonnie_tyler_-_total_eclipse_of_the_heart,308.602612,10,9,1,3569,11.565034971252931,57.32390025217148,32.0,83.0,110.0,0.47023028476697465,68.0000725334107,1,0,25
Boyzone_-_A_Different_Beat.mid,boyzone_-_a_different_beat,220.15624281250004,12,11,1,3984,18.096239057790626,56.77886546184739,25.0,97.0,96.89633534136546,0.5204625508283135,158.00284405119288,1,0,1
Boyzone_-_All_That_I_Need.mid,boyzone_-_all_that_i_need,239.24746700000006,14,13,1,5176,21.634502822134365,53.51448995363215,24.0,96.0,82.4969088098918,0.5048236513395159,91.33334201371561,45,1,1
Boyzone_-_Baby_Can_I_Hold_You_Tonight.mid,boyzone_-_baby_can_i_hold_you_tonight,200.99756794270834,15,14,1,5372,26.726691546492823,57.56962025316456,26.0,82.0,82.91976917349218,0.5007623940823558,57.250037356282796,8,0,0
Boyzone_-_I_Love_The_Way_You_Love_Me.mid,boyzone_-_i_love_the_way_you_love_me,237.73447187499994,19,17,2,7329,30.828511920028014,61.91485878018829,26.0,93.0,82.32118979396917,0.4823580251967072,79.06577278324151,26,1,1
Boyzone_-_Love_Me_For_A_Reason.mid,boyzone_-_love_me_for_a_reason,231.99666666666667,11,10,1,8075,34.806534576646214,54.34996904024768,20.0,100.0,105.28953560371517,0.2994765737874095,150.0,1,1,1
Boyzone_-_No_Matter_What.mid,boyzone_-_no_matter_what,276.9072098395833,15,13,2,7299,26.359010313340796,57.28469653377175,24.0,96.0,84.62131798876558,0.43207190395630685,89.29750194116991,8,1,1
Boyzone_-_Picture_Of_You.mid,boyzone_-_picture_of_you,202.6956015,14,8,6,4315,21.288079110093566,52.319351100811126,29.0,94.0,116.10243337195828,0.37901244995944394,115.00002875000717,1,1,1
Boyzone_-_Words.mid,boyzone_-_words,240.07763986874997,11,10,1,5605,23.346614049789242,58.834968777876895,22.0,98.0,67.54826048171276,0.46728836825304737,82.00003553334875,1,1,1
Boyzone_-_You_Needed_Me.mid,boyzone_-_you_needed_me,219.69232599999998,5,4,1,2599,11.830181086980708,51.36244709503655,30.0,67.0,90.06040784917276,0.631820353359064,64.99999458333379,1,1,1
Boz_Scaggs_-_Lido_Shuffle.mid,boz_scaggs_-_lido_shuffle,238.82892870833334,4,3,1,3146,13.172608599027846,43.345518118245394,28.0,93.0,121.21900826446281,0.2600843528554778,118.99993790005587,2,1,1
Boz_Scaggs_-_What_Can_I_Say.mid,boz_scaggs_-_what_can_i_say,170.22916666666666,16,10,6,4185,24.58450618039408,52.94599761051374,28.0,88.0,68.98924731182795,0.312448352250098,120.0,1,0,1
Brandy_-_Best_Friend.mid,brandy_-_best_friend,283.4453508666667,8,7,1,5185,18.292767844476078,58.55853423336548,24.0,93.0,93.4582449373192,0.1712717353182254,101.00006901671382,1,1,1
Brandy_-_I_Wanna_Be_Down.mid,brandy_-_i_wanna_be_down,294.55673963333334,6,5,1,2220,7.536748277304652,46.57117117117117,36.0,95.0,81.39594594594594,0.3640662419819819,88.00002346667293,1,1,1
Brandy_-_The_Boy_Is_Mine.mid,brandy_-_the_boy_is_mine,250.06751949999995,15,14,1,8199,32.78714491347606,58.12696670325649,36.0,93.0,70.25039638980364,0.1814392916387161,92.82609528769171,23,1,1
Bread_-_Aubrey.mid,bread_-_aubrey,211.54814134166662,8,8,0,1256,5.937182865490001,72.16799363057325,43.0,93.0,50.43232484076433,1.0474071080679404,68.13253594217345,83,1,1
Bread_-_Diary.mid,bread_-_diary,199.91664367500002,8,8,0,1333,6.667779007769998,61.44036009002251,43.0,83.0,53.80945236309077,1.0282079231932983,80.65148343965026,20,1,2
Bread_-_Everything_I_Own.mid,bread_-_everything_i_own,199.94455106666666,17,6,11,2969,14.84911683844817,60.37824183226676,26.0,86.0,59.098686426406196,0.568405833863815,64.28515590708264,31,1,2
Bread_-_Goodbye_Girl.mid,bread_-_goodbye_girl,172.45517940000002,24,12,12,2712,15.725825164750022,63.24631268436578,32.0,89.0,55.400442477876105,0.5956321650934122,118.52672605819639,6,1,2
Bread_-_Guitar_Man.mid,bread_-_guitar_man,219.58026353124998,8,7,1,3404,15.502304010649633,52.59635722679201,28.0,84.0,93.22267920094006,0.401519070587911,73.00007178340392,1,0,1
Bread_-_If.mid,bread_-_if,161.04168361666652,8,8,0,1573,9.767657445411897,59.18881118881119,35.0,88.0,84.84806102987922,1.1245827860033892,76.28000317467757,50,1,1
Bread_-_Make_It_With_You.mid,bread_-_make_it_with_you,204.12037847500002,16,7,9,4131,20.238057713115357,54.59356088114258,27.0,88.0,58.88913096102639,0.4943901665093199,128.93331301156198,3,1,2
Bread_-_Sweet_Surrender.mid,bread_-_sweet_surrender,158.99254365000002,21,8,13,3523,22.158271822830855,54.59409594095941,28.0,88.0,57.52114674992904,0.47022030260904524,103.20001345444034,5,1,2
Brian_McKnight_-_Anytime.mid,brian_mcknight_-_anytime,271.4204798958333,8,7,1,5216,19.217414993893662,50.92465490797546,18.0,94.0,85.21376533742331,0.3233757045628832,65.00753003889618,1,1,1
Brian_McKnight_-_Back_At_One.mid,brian_mcknight_-_back_at_one,203.84454000000002,6,5,1,4023,19.73562794470727,52.51205567984091,25.0,95.0,90.08128262490679,0.44348793040278817,67.10996527059297,1,1,1
Britney_Spears_-_Baby_One_More_Time.mid,britney_spears_-_baby_one_more_time,203.68390499999998,10,9,1,4033,19.800288098364966,66.73890404165634,24.0,91.0,99.9008182494421,0.35520389905157435,190.0002850004275,1,1,1
Britney_Spears_-_Born_to_Make_You_Happy.mid,britney_spears_-_born_to_make_you_happy,235.34652814999998,13,12,1,5315,22.58371959756484,52.11815616180621,30.0,81.0,93.38795860771401,0.6089549817152712,88.00002346667293,1,1,1
Britney_Spears_-_Don't_Let_Me_Be_the_Last_to_Know.mid,britney_spears_-_don't_let_me_be_the_last_to_know,230.55208333333331,13,12,1,6871,29.80237654181539,51.93377965361665,26.0,82.0,92.23781109008878,0.4024932688109446,120.0,1,1,1
Britney_Spears_-_From_the_Bottom_of_My_Broken_Heart.mid,britney_spears_-_from_the_bottom_of_my_broken_heart,298.22342575,7,7,0,3090,10.361359079116541,60.075404530744336,38.0,79.0,78.12912621359223,0.8000147426948493,76.00006586672374,1,1,6
Britney_Spears_-_Lucky.mid,britney_spears_-_lucky,194.1,19,16,3,3302,17.0118495620814,53.40127195639007,27.0,88.0,106.54209569957601,0.31939430648092076,100.0,1,1,1
Britney_Spears_-_Soda_Pop.mid,britney_spears_-_soda_pop,197.60162553125,5,4,1,4559,23.07167255200039,54.48782627769248,34.0,70.0,69.95613073042334,0.3243385862373877,92.00012880018032,1,0,1
Britney_Spears_-_Sometimes.mid,britney_spears_-_sometimes,237.50655809375,16,15,1,4359,18.353177423755135,63.72860747877954,29.0,102.0,105.6863959623767,0.7484902736244934,96.99995311668933,1,1,1
Britney_Spears_-_Stronger.mid,britney_spears_-_stronger,192.212226,16,15,1,3916,20.373313818237555,53.96859039836568,27.0,92.0,77.63815117466802,0.24384849150919308,113.00009605008167,1,1,1
Britney_Spears_-_You_Drive_Me_Crazy.mid,britney_spears_-_you_drive_me_crazy,200.902442,10,8,2,6126,30.492411834396716,52.09451518119491,36.0,73.0,74.05990858635325,0.3295168738930379,96.00006440009015,2,1,1
Brownsville_Station_-_Smokin_In_The_Boys_Room.mid,brownsville_station_-_smokin_in_the_boys_room,203.27151334375003,12,9,3,4622,22.738060655768283,48.6488533102553,26.0,81.0,70.17762873215058,0.2215454134821687,99.50007926031266,44,0,1
Bruce_Hornsby_-_The_Way_It_Is.mid,bruce_hornsby_-_the_way_it_is,293.96190796875004,7,6,1,5218,17.7505991713549,58.766960521272516,24.0,96.0,92.511690302798,0.33048509526618597,102.09206585892744,11,0,1
Buck_Owens_-_Act_Naturally.mid,buck_owens_-_act_naturally,172.49687500000002,10,6,4,5589,32.4005869671552,50.087135444623364,31.0,79.0,102.66541420647701,0.3190832438718974,160.0,1,1,1
Buck_Owens_-_Together_Again.mid,buck_owens_-_together_again,214.5,7,6,1,5424,25.286713286713287,56.137721238938056,33.0,86.0,69.55660029498524,0.39744509356563423,80.0,1,1,1
Buddy_Guy_-_Midnight_Train.mid,buddy_guy_-_midnight_train,315.61,7,6,1,4899,15.522321852919742,45.345988977342316,27.0,77.0,113.2006531945295,0.2841181873851806,100.0,1,1,1
Busta_Rhymes_-_Put_Your_Hands_Where_My_Eyes_Could_See.mid,busta_rhymes_-_put_your_hands_where_my_eyes_could_see,255.316540425,16,12,4,6948,27.213278029047224,56.66119746689695,22.0,95.0,107.11024755325273,0.22242054816493945,187.99996240000752,1,1,1
Cake_-_Frank_Sinatra.mid,cake_-_frank_sinatra,242.11632491666666,10,8,2,3498,14.447600760518593,51.696969696969695,28.0,83.0,78.85906232132648,0.29508101639031853,113.99995440001824,1,1,3
Cake_-_Never_There.mid,cake_-_never_there,159.01756826041665,7,6,1,1441,9.061891813363241,48.42401110340042,28.0,79.0,87.49063150589868,0.3185830071998612,133.00024161710562,1,0,1
Cake_-_The_Distance.mid,cake_-_the_distance,198.01089596666668,9,8,1,2624,13.251796004406376,46.17987804878049,28.0,103.0,108.60289634146342,0.26008255058434976,91.99998773333496,1,1,1
Canned_Heat_-_Going_Up_The_Country.mid,canned_heat_-_going_up_the_country,171.03125,7,5,2,8890,51.978805042938056,58.9541057367829,26.0,82.0,73.13070866141732,0.13489955357143024,160.0,1,1,1
Cardigans_-_Erase_And_Rewind.mid,cardigans_-_erase_and_rewind,225.595,8,7,1,3997,17.717591258671515,45.253189892419314,24.0,88.0,105.27870903177383,0.4045584188141104,100.0,1,1,1
Cardigans_-_Lovefool.mid,cardigans_-_lovefool,192.68740092708336,10,8,2,4019,20.857616951929657,52.04130380691714,31.0,90.0,109.26474247325206,0.2723554482950776,87.33334935556682,3,1,1
Cardigans_-_My_Favourite_Game.mid,cardigans_-_my_favourite_game,218.36891092500002,11,10,1,4635,21.225548913379505,47.728155339805824,27.0,69.0,109.75080906148867,0.26123640383495145,145.00003625000906,1,1,1
Carl_Douglas_-_Kung_Fu_Fighting.mid,carl_douglas_-_kung_fu_fighting,188.12668546875003,10,8,2,5619,29.86817094023261,47.92080441359673,28.0,93.0,85.2843922406122,0.152645602446313,98.84614090771113,13,1,4
Carly_Simon_-_Attitude_Dancing.mid,carly_simon_-_attitude_dancing,233.01601414583337,10,9,1,5890,25.27723264682459,58.51018675721562,34.0,91.0,99.8786078098472,0.3138707771844937,128.83342954175473,3,1,2
Carly_Simon_-_Half_a_Chance.mid,carly_simon_-_half_a_chance,173.18143059166667,9,8,1,4378,25.27984660389256,60.71311100959342,36.0,84.0,85.92576518958428,0.4034521628883051,106.99993331115468,3,1,2
Carly_Simon_-_Mockingbird.mid,carly_simon_-_mockingbird,221.19388170833332,7,6,1,5421,24.50791115076203,56.57258808337945,36.0,127.0,100.86570743405275,0.21325743409426312,110.99990565008021,1,1,1
Carly_Simon_-_No_Secrets.mid,carly_simon_-_no_secrets,235.7052085125,10,9,1,6655,28.234420622262444,57.43035311795642,35.0,84.0,105.75702479338842,0.5112665551859504,114.30008343906091,1,1,7
Carly_Simon_-_Nobody_Does_it_Better.mid,carly_simon_-_nobody_does_it_better,208.26908702499998,9,8,1,2338,11.225861856874388,55.00769888793841,31.0,86.0,92.4311377245509,0.7479571367194182,63.88893193152113,9,1,1
Carole_King_-_I_Feel_the_Earth_Move.mid,carole_king_-_i_feel_the_earth_move,173.83497841666673,16,6,10,2791,16.055456878823463,57.25940523109996,35.0,85.0,81.39054102472232,0.2776928275050758,100.24995620420172,12,1,1
Carole_King_-_So_Far_Away.mid,carole_king_-_so_far_away,192.44288921666666,8,7,1,2966,15.412364738822095,53.907619689817935,28.0,98.0,85.31591368846932,0.6569912471538545,69.99998833333528,1,1,1
Carole_King_-_Will_You_Still_Love_Me_Tomorrow.mid,carole_king_-_will_you_still_love_me_tomorrow,253.702161475,10,5,5,3208,12.64474839847243,54.62468827930174,33.0,78.0,72.25841645885286,0.5323183062629887,84.52941965344652,17,1,1
Cat_Stevens_-_Another_Saturday_Night.mid,cat_stevens_-_another_saturday_night,111.85373429999999,3,2,1,2720,24.317471535682117,51.84227941176471,36.0,82.0,75.16985294117647,0.22299468650735285,130.00013000013,1,1,1
Cat_Stevens_-_Father_and_Son.mid,cat_stevens_-_father_and_son,165.26666666666668,11,10,1,2111,12.773295683743443,57.74419706300331,32.0,94.0,89.95736617716722,0.6279362071687979,75.0,1,1,1
Cat_Stevens_-_Moonshadow.mid,cat_stevens_-_moonshadow,168.0,9,5,4,3239,19.279761904761905,48.264896573016365,26.0,83.0,88.10280950910774,0.3919432437995284,120.0,1,1,1
Cat_Stevens_-_Morning_Has_Broken.mid,cat_stevens_-_morning_has_broken,208.72853900000004,6,5,1,2373,11.368833468431452,54.822166034555416,36.0,76.0,88.15844922039612,0.7042423124561044,102.41388128112638,58,0,2
Cat_Stevens_-_Oh_Very_Young.mid,cat_stevens_-_oh_very_young,145.39531,6,5,1,2018,13.879402299840345,55.58572844400396,33.0,81.0,83.28939544103072,0.3814838228340737,59.90628386981932,32,1,7
Cat_Stevens_-_Peace_Train.mid,cat_stevens_-_peace_train,244.21129424999998,8,8,0,8027,32.86907767575537,56.5596113118226,36.0,86.0,77.40463435903824,0.4054485121465055,130.00013000013,1,1,1
Cat_Stevens_-_Wild_World.mid,cat_stevens_-_wild_world,163.5,11,10,1,2893,17.69418960244648,56.94538541306602,31.0,95.0,80.72554441755963,0.6752154986173522,80.0,1,0,5
Celine_Dion_-_All_By_Myself.mid,celine_dion_-_all_by_myself,299.7255033833334,9,8,1,2999,10.005821880844202,53.13204401467156,26.0,93.0,97.32110703567857,0.7522410397938202,74.73684250834506,38,1,6
Celine_Dion_-_Because_You_Loved_Me.mid,celine_dion_-_because_you_loved_me,272.7424306041666,12,10,2,4893,17.940002914695924,53.82526057633354,23.0,99.0,71.73227059063969,0.5389561782669973,61.35000690187579,1,1,1
Celine_Dion_-_Falling_Into_You.mid,celine_dion_-_falling_into_you,259.71368125000004,13,12,1,8326,32.05838044390663,55.88157578669229,26.0,98.0,80.22243574345424,0.30739604727159886,97.00105084471748,1,0,1
Celine_Dion_-_Immortality.mid,celine_dion_-_immortality,221.53857599999998,10,9,1,5240,23.652765557182242,53.27309160305344,26.0,74.0,74.14465648854961,0.48429057820928745,90.99995298335763,1,1,5
Celine_Dion_-_Tell_Him.mid,celine_dion_-_tell_him,305.142908,10,9,1,5130,16.811794950843165,57.14697855750487,24.0,92.0,78.44600389863548,0.7450168326072123,69.99998833333528,1,6,1
Celine_Dion_-_The_Colour_of_My_Love.mid,celine_dion_-_the_colour_of_my_love,194.9326585250001,8,7,1,1150,5.899473226814441,56.654782608695655,24.0,91.0,68.37478260869565,0.8921238647028987,43.395082165346814,366,1,1
Celine_Dion_-_To_Love_You_More.mid,celine_dion_-_to_love_you_more,326.2083333333333,19,18,1,9270,28.417422403883002,61.93160733549083,25.0,97.0,76.81272923408845,0.4518855627472102,120.0,1,1,1
Chaka_Khan_-_Ain't_Nobody.mid,chaka_khan_-_ain't_nobody,239.999968,10,7,3,5650,23.541669805555973,52.41451327433629,25.0,87.0,111.72601769911505,0.23188018096146756,104.00001386666852,1,1,1
Chaka_Khan_-_I_Feel_for_You.mid,chaka_khan_-_i_feel_for_you,359.16093887500006,14,13,1,11852,32.9991341406001,46.61795477556531,23.0,97.0,83.08091461356733,0.23147572952525614,123.00022140039852,1,0,1
Chaka_Khan_-_Tell_Me_Something_Good.mid,chaka_khan_-_tell_me_something_good,280.656585,10,9,1,3255,11.597803771466827,49.047004608294934,29.0,85.0,113.48725038402458,0.1974887703533029,76.00035466832179,1,1,1
Cher_-_Believe.mid,cher_-_believe,247.57667549999996,14,13,1,5830,23.54826030451322,56.34785591766724,25.0,102.0,87.66603773584906,0.3320606258490565,130.00013000013,1,1,1
Cher_-_Shoop_Shoop_Song.mid,cher_-_shoop_shoop_song,174.99739583333331,8,7,1,3181,18.177413354365395,52.41999371266897,28.0,84.0,113.72115686890915,0.3607667269202493,120.0,1,1,1
Cherry_Poppin_Daddies_-_Zoot_Suit_Riot.mid,cherry_poppin_daddies_-_zoot_suit_riot,229.87774804166668,13,12,1,9274,40.34318275259523,56.456976493422474,26.0,92.0,85.42937243907699,0.17377330002605856,183.99997546666992,1,1,1
Chet_Atkins_-_Wheels.mid,chet_atkins_-_wheels,132.0,7,6,1,2014,15.257575757575758,48.259682224429,28.0,96.0,101.98460774577954,0.3902205395564376,120.0,1,1,1
Chic_-_Good_Times.mid,chic_-_good_times,366.570484875,8,7,1,12137,33.109594200249646,52.630386421685756,28.0,83.0,108.72390211749196,0.2684585583335051,113.00009605008167,1,1,1
Chic_-_Le_Freak.mid,chic_-_le_freak,294.109375,10,10,0,5261,17.88790309727461,57.30393461319141,29.0,100.0,82.8507888234176,0.25317588544636044,120.0,1,1,1
Chicago_-_25_or_6_to_4.mid,chicago_-_25_or_6_to_4,202.285512,11,10,1,7741,38.26769363492527,53.521767213538304,21.0,84.0,92.77599793308359,0.2197924657222905,140.00014000014,1,1,1
Chicago_-_Beginnings.mid,chicago_-_beginnings,271.30428,9,8,1,12580,46.368601335740074,55.50516693163752,28.0,82.0,109.00659777424484,0.2136005548807632,115.00002875000717,1,2,1
Chicago_-_Color_My_World.mid,chicago_-_color_my_world,157.40014195833336,6,5,1,1406,8.932647598070105,50.852062588904694,28.0,79.0,78.48079658605974,0.705599492502371,138.00019320027047,1,0,1
Chicago_-_Does_Anybody_Really_Know.mid,chicago_-_does_anybody_really_know,171.1293100625,11,10,1,4579,26.757543744713594,54.27451408604499,24.0,93.0,97.95086263376282,0.2958761813760282,118.99992463338108,1,1,1
Chicago_-_Saturday_in_the_Park.mid,chicago_-_saturday_in_the_park,246.315888,14,13,1,6807,27.63524535615827,56.03393565447334,26.0,105.0,103.73659468194505,0.30529488447553993,113.99995440001824,1,1,1
Chicago_-_Wishing_You_Were_Here.mid,chicago_-_wishing_you_were_here,269.56514999999996,16,14,2,4752,17.628391503872074,54.13341750841751,29.0,75.0,95.10942760942761,0.7400329970538718,69.00001725000433,1,1,1
Chris_Isaak_-_Wicked_Game.mid,chris_isaak_-_wicked_game,272.9375,10,9,1,4242,15.542019693153195,49.82531824611033,31.0,76.0,81.41937765205093,0.5702768937608045,240.0,1,1,1
Christina_Aguilera_-_Come_On_Over.mid,christina_aguilera_-_come_on_over,200.78716,23,21,2,6391,31.829724570037246,54.32389297449539,22.0,89.0,105.86261930840244,0.2971139758058134,117.00003700003701,3,0,1
Christina_Aguilera_-_Genie_In_A_Bottle.mid,christina_aguilera_-_genie_in_a_bottle,211.222011,13,11,2,3703,17.531316847466243,58.21415068863084,20.0,89.0,110.0,0.31065808943761813,90.00009000009,1,0,1
Christina_Aguilera_-_I_Turn_To_You.mid,christina_aguilera_-_i_turn_to_you,222.39124875,7,6,1,2541,11.425809308065231,50.88272333726879,31.0,77.0,110.0,0.6801069428866587,69.00001725000432,1,2,1
Christina_Aguilera_-_Reflection.mid,christina_aguilera_-_reflection,182.2078873000001,13,12,1,758,4.160083359904034,65.92480211081794,30.0,93.0,76.39973614775725,1.2961008624120505,52.97801978791678,91,1,1
Christmas_Carols_-_Angels_We_Have_Heard_On_High.mid,christmas_carols_-_angels_we_have_heard_on_high,196.08752673333342,6,6,0,1282,6.5378967308993525,61.67082683307332,37.0,86.0,92.08268330733229,0.7185641266380658,84.46950563741166,164,4,1
Christmas_Carols_-_Deck_The_Halls.mid,christmas_carols_-_deck_the_halls,169.55786214583335,9,7,2,5552,32.74398444128079,54.309798270893374,24.0,101.0,104.41444524495677,0.4000750789722924,105.99995053335641,1,3,1
Christmas_Carols_-_Do_You_Hear_What_I_Hear.mid,christmas_carols_-_do_you_hear_what_i_hear,152.86632440625002,14,13,1,3157,20.652030538852443,60.63984795692113,31.0,103.0,72.93189737092176,0.599981942419623,110.00011000011,1,1,1
Christmas_Carols_-_Frosty_The_Snowman.mid,christmas_carols_-_frosty_the_snowman,128.0,9,8,1,5109,39.9140625,56.860638089645725,29.0,96.0,82.48835388530046,0.4096525738892151,150.0,1,0,1
Christmas_Carols_-_Have_Yourself_A_Merry_Little_Christmas.mid,christmas_carols_-_have_yourself_a_merry_little_christmas,229.63750000000002,9,8,1,4309,18.764356866800934,57.62473891854258,29.0,94.0,109.75841262473892,0.5712969946623381,80.0,1,1,1
Christmas_Carols_-_Holly_Jolly_Christmas.mid,christmas_carols_-_holly_jolly_christmas,127.58393658333333,11,10,1,4209,32.9900464957893,55.90306486101212,28.0,96.0,115.30648610121169,0.30999932369327626,124.00001125712956,33,1,1
Christmas_Carols_-_I_Saw_Mommy_Kissing_Santa_Claus.mid,christmas_carols_-_i_saw_mommy_kissing_santa_claus,134.2183843,9,8,1,4384,32.66318561994491,54.377965328467155,27.0,91.0,110.88708941605839,0.29753281952554755,135.000135000135,1,1,1
Christmas_Carols_-_Jingle_Bells.mid,christmas_carols_-_jingle_bells,124.0,11,8,3,6250,50.403225806451616,58.6736,22.0,86.0,95.20192,0.21189499999999753,120.0,1,1,1
Christmas_Carols_-_Joy_To_The_World.mid,christmas_carols_-_joy_to_the_world,199.8,11,10,1,10453,52.31731731731731,56.12570553907969,21.0,92.0,95.15115277910648,0.26871023868746446,160.0,1,0,1
Christmas_Carols_-_Let_It_Snow.mid,christmas_carols_-_let_it_snow,117.333216,8,7,1,3053,26.01991238354875,53.47625286603341,24.0,96.0,77.80805764821487,0.33488338604651163,135.000135000135,1,0,1
Christmas_Carols_-_Little_Drummer_Boy.mid,christmas_carols_-_little_drummer_boy,192.0,6,6,0,1386,7.21875,69.4004329004329,52.0,87.0,126.72077922077922,0.9107756132756125,100.0,1,1,1
Christmas_Carols_-_O_Come_All_Ye_Faithful.mid,christmas_carols_-_o_come_all_ye_faithful,216.75232346874998,10,9,1,4246,19.58917870890626,56.266839378238345,28.0,88.0,92.64601978332549,0.41906250135176215,109.09101245466381,22,0,1
Christmas_Carols_-_O_Holy_Night.mid,christmas_carols_-_o_holy_night,155.06715262499998,7,7,0,1074,6.926031605141174,64.96182495344506,40.0,84.0,100.0,0.8249347143854746,65.000065000065,1,0,1
Christmas_Carols_-_Rockin_Around_The_Christmas_Tree.mid,christmas_carols_-_rockin_around_the_christmas_tree,132.0375,6,5,1,2235,16.927009372337405,53.96331096196868,35.0,83.0,93.85413870246084,0.2743586875466077,120.0,1,1,1
Christmas_Carols_-_Rudolph_The_Red_Nosed_Reindeer.mid,christmas_carols_-_rudolph_the_red_nosed_reindeer,112.888776,8,7,1,2862,25.352387557111967,57.38784067085954,29.0,84.0,121.19601677148847,0.3065426445143256,135.000135000135,1,1,3
Christmas_Carols_-_Santa_Claus_Is_Coming_To_Town.mid,christmas_carols_-_santa_claus_is_coming_to_town,232.48053674999997,11,8,3,5284,22.728784412960113,60.9937547312642,29.0,91.0,80.14439818319455,0.21736725264359388,130.00013000013,1,0,1
Christmas_Carols_-_Silver_Bells.mid,christmas_carols_-_silver_bells,248.74317992708336,12,10,2,5294,21.28299558424832,55.18927087268606,29.0,91.0,88.2478277295051,0.7052379381453848,89.99995500002248,1,3,1
Christmas_Carols_-_Sleigh_Ride.mid,christmas_carols_-_sleigh_ride,125.45240814166667,14,12,2,4099,32.67374505375153,65.34788972920225,26.0,103.0,68.44181507684802,0.16738678999756035,109.41589168349124,17,1,1
Christmas_Carols_-_The_First_Noel.mid,christmas_carols_-_the_first_noel,240.57394440000002,10,9,1,3494,14.523601085371736,57.0452203777905,24.0,98.0,98.67658843732112,0.6348467758872353,75.99999386666748,2,2,1
Christmas_Carols_-_We_Three_Kings.mid,christmas_carols_-_we_three_kings,85.80550927499999,4,4,0,504,5.873748716818627,77.47222222222223,49.0,101.0,101.35119047619048,0.5904598843171294,130.00002657780513,9,0,1
Christmas_Carols_-_What_Child_Is_This.mid,christmas_carols_-_what_child_is_this,99.0,7,7,0,950,9.595959595959595,66.89684210526316,45.0,86.0,125.00842105263158,0.7616140350877187,60.0,1,1,1
Christmas_Carols_-_White_Christmas.mid,christmas_carols_-_white_christmas,212.92153670000002,10,10,0,1665,7.819781999535042,58.18798798798799,31.0,90.0,96.96156156156157,1.0434479432732733,81.10714356786916,28,0,1
Christmas_Carols_-_Winter_Wonderland.mid,christmas_carols_-_winter_wonderland,107.0,10,9,1,3038,28.39252336448598,56.645161290322584,27.0,90.0,123.52205398288348,0.36251234364713636,120.0,1,2,1
Christopher_Cross_-_Ride_Like_the_Wind.mid,christopher_cross_-_ride_like_the_wind,222.67092562500002,9,8,1,5465,24.542943739334895,53.05105215004575,24.0,91.0,87.37493138151875,0.2751641709172004,124.000248000496,1,0,1
Christopher_Cross_-_Sailing.mid,christopher_cross_-_sailing,251.135998,9,8,1,4838,19.264462436802866,58.79991732120711,28.0,88.0,77.19904919388176,0.3207855585469194,69.85714945238468,7,1,1
Chubby_Checker_-_The_Twist.mid,chubby_checker_-_the_twist,227.61303599999997,5,4,1,6074,26.68564202974737,53.21715508725716,24.0,69.0,108.01350016463616,0.16864593945505388,154.99990958338608,1,1,1
Chuck_Mangione_-_Feels_So_Good.mid,chuck_mangione_-_feels_so_good,177.395607825,7,6,1,6101,34.392057812494485,57.72365186035076,21.0,94.0,82.96951319455827,0.22114615737993776,115.00002875000717,1,0,1
Classics_IV_-_Stormy.mid,classics_iv_-_stormy,199.09809149999998,11,10,1,5522,27.735072488125788,56.349873234335384,34.0,80.0,110.31673306772909,0.38612798306772894,117.00011700011702,1,1,1
Cliff_Richard_-_Devil_Woman.mid,cliff_richard_-_devil_woman,233.45572916666666,7,6,1,3246,13.904135107700203,52.22273567467653,0.0,89.0,98.08317929759704,0.32507958513041696,120.0,1,1,1
Connie_Francis_-_Stupid_Cupid.mid,connie_francis_-_stupid_cupid,142.837041375,10,9,1,4299,30.097234993222358,54.14701093277506,30.0,90.0,104.49569667364503,0.1655355210732146,159.00002790014588,2,1,2
Connie_Francis_-_Where_the_Boys_Are.mid,connie_francis_-_where_the_boys_are,160.71020997916668,15,14,1,4852,30.19098786958824,64.04389942291839,32.0,98.0,78.83161582852432,0.30191537302272264,57.937504160419735,16,1,1
Coolio_-_C_U_When_U_Get_There.mid,coolio_-_c_u_when_u_get_there,221.333112,10,9,1,2439,11.019589332842346,52.86141861418614,36.0,84.0,117.78474784747847,0.5030449162976629,90.00009000009,1,1,1
Coolio_-_Fantastic_Voyage.mid,coolio_-_fantastic_voyage,412.23676665833335,10,8,2,10157,24.638753312409516,50.90440090577926,26.0,95.0,114.56985330314069,0.2187911097149748,116.00008506672903,1,1,1
Coolio_-_Too_Hot.mid,coolio_-_too_hot,287.20573875,8,7,1,4317,15.031036701386245,49.357192494788045,29.0,99.0,100.55918461894835,0.6313976685584125,102.0000510000255,1,1,1
Corey_Hart_-_Sunglasses_at_Night.mid,corey_hart_-_sunglasses_at_night,292.0229166666667,5,4,1,4247,14.543379158313774,54.953849776312694,0.0,91.0,91.62679538497763,0.34451426497135273,120.0,1,1,1
Counting_Crows_-_Mr_Jones.mid,counting_crows_-_mr_jones,265.17456000000004,4,3,1,5882,22.181615008619225,48.58262495749745,26.0,72.0,69.20180210812649,0.34445756077864675,143.00014300014297,1,0,1
Counting_Crows_-_Round_Here.mid,counting_crows_-_round_here,330.64848428333335,8,7,1,3789,11.459299467869927,51.85062021641594,28.0,88.0,112.33940353655318,0.8440041698865135,94.00012846684224,1,1,3
Cranberries_-_Cordell.mid,cranberries_-_cordell,219.9619782,11,10,1,4028,18.312255749662103,61.59086395233366,26.0,96.0,81.06752730883814,0.4158717651750247,159.0002067002687,1,0,2
Cranberries_-_Linger.mid,cranberries_-_linger,262.9067498333333,24,22,2,8375,31.855401222331622,58.51414925373135,31.0,86.0,104.51605970149254,0.3666668127960202,107.33341424454773,3,1,1
Cranberries_-_Zombie.mid,cranberries_-_zombie,310.029993,6,5,1,5786,18.66271048169201,47.305565157276185,28.0,74.0,93.517283097131,0.2750864022640858,165.000165000165,1,1,1
Culture_Club_-_Church_of_the_Poison_Mind.mid,culture_club_-_church_of_the_poison_mind,238.10913689062497,14,12,2,5259,22.086510701249203,57.47347404449515,22.0,108.0,115.46206503137479,0.2267845341379062,130.00013000013,1,1,1
Culture_Club_-_Do_You_Really_Want_to_Hurt_Me.mid,culture_club_-_do_you_really_want_to_hurt_me,256.365352,16,15,1,4245,16.558399826198045,54.15265017667844,28.0,95.0,78.6416961130742,0.5535421340388202,82.00000693333426,2,1,1
Culture_Club_-_Karma_Chameleon.mid,culture_club_-_karma_chameleon,241.753125,9,7,2,6878,28.45051123951345,59.21459726664728,29.0,82.0,88.50072695551032,0.1563120183919744,199.99999999999997,1,1,1
Curtis_Mayfield_-_Move_On_Up.mid,curtis_mayfield_-_move_on_up,249.28546500000002,8,6,2,8179,32.80977493011877,55.729673554224235,30.0,90.0,91.58271182296124,0.17798230765145495,140.00014000014,1,1,1
Cyndi_Lauper_-_All_Through_the_Night.mid,cyndi_lauper_-_all_through_the_night,240.15791475,12,11,1,5390,22.44356595788605,64.20204081632653,22.0,96.0,82.53580705009277,0.383105197436611,94.99999208333399,1,1,1
Cyndi_Lauper_-_Girls_Just_Want_to_Have_Fun.mid,cyndi_lauper_-_girls_just_want_to_have_fun,227.90364583333331,14,8,6,9518,41.763263440553054,59.81130489598655,36.0,87.0,58.59791973103593,0.13510503125656617,120.0,1,0,1
Cyndi_Lauper_-_Goonies_R_Good_Enough.mid,cyndi_lauper_-_goonies_r_good_enough,200.720953125,13,12,1,5476,27.281656024170996,51.319941563184805,36.0,85.0,100.43133674214755,0.1578134184966216,140.4001404001404,1,0,2
Cyndi_Lauper_-_I_Drove_All_Night.mid,cyndi_lauper_-_i_drove_all_night,229.539874,13,12,1,7574,32.9964457504233,47.73580670715606,29.0,91.0,81.32585159757063,0.22522781407611572,141.6000906134188,5,1,1
Cyndi_Lauper_-_She_Bop.mid,cyndi_lauper_-_she_bop,205.49979450000004,5,4,1,1278,6.218984321174101,52.82629107981221,28.0,88.0,90.31377151799687,0.277509223943662,140.00014000014,1,1,1
Cyndi_Lauper_-_Time_After_Time.mid,cyndi_lauper_-_time_after_time,138.0,10,6,4,3488,25.27536231884058,55.17574541284404,36.0,85.0,59.70212155963303,0.45900229357798167,120.0,1,0,1
Cyndi_Lauper_-_True_Colors.mid,cyndi_lauper_-_true_colors,213.3678421875,5,4,1,2010,9.420351161604213,59.5955223880597,36.0,95.0,98.0228855721393,0.4774870847014928,90.00009000009,1,0,1
Cypress_Hill_-_Rock_Superstar.mid,cypress_hill_-_rock_superstar,252.63160000000002,9,8,1,7049,27.902289341475885,47.51737835153923,36.0,96.0,126.26074620513548,0.1372759221698114,94.99999208333399,1,1,1
DMX_-_Party_Up.mid,dmx_-_party_up,249.59375,4,3,1,5147,20.62150995367472,56.728191179327766,25.0,90.0,94.12725859724111,0.1852353312609287,99.99999999999999,1,0,1
Dan_Fogelberg_-_Same_Old_Lang_Syne.mid,dan_fogelberg_-_same_old_lang_syne,260.73877913541673,6,5,1,2832,10.861445349213584,59.16560734463277,29.0,84.0,52.57521186440678,0.634034440764404,91.46153549040001,26,1,1
Dan_Hill_-_Sometimes_When_We_Touch.mid,dan_hill_-_sometimes_when_we_touch,223.0049033854167,7,6,1,3165,14.192513043222052,52.58862559241706,29.0,98.0,96.78420221169036,0.5121680790778043,112.00005973336519,1,1,1
Darude_-_Sandstorm.mid,darude_-_sandstorm,244.86264764166668,12,11,1,12549,51.24913955175505,58.87879512311738,2.0,88.0,92.2114112678301,0.11315335268879323,119.3332919333706,3,1,1
Dave_Dudley_-_Six_Days_on_the_Road.mid,dave_dudley_-_six_days_on_the_road,139.7881654,17,9,8,5818,41.6201184367214,53.62461326916466,28.0,78.0,83.2793056033001,0.2819407928454795,170.0000850000425,1,1,1
Dave_Mason_-_We_Just_Disagree.mid,dave_mason_-_we_just_disagree,181.54898358333332,7,6,1,2848,15.687226355044457,59.25877808988764,35.0,81.0,86.61657303370787,0.4375056432584268,83.50003901668501,2,1,25
David_Bowie_-_Let's_Dance.mid,david_bowie_-_let's_dance,257.38940337500003,12,11,1,5769,22.413510130387664,56.75316345987173,29.0,94.0,92.98197261223783,0.22580804853617736,113.50002522504994,2,1,1
David_Gates_-_Goodbye_Girl.mid,david_gates_-_goodbye_girl,164.4236265,6,4,2,1454,8.843011378294834,56.06396148555709,31.0,79.0,67.76341127922971,0.8117449319119668,113.76480534912,17,0,1
David_Seville_-_Witch_Doctor.mid,david_seville_-_witch_doctor,121.16499199999998,6,6,0,2934,24.214915146447584,59.906612133606,31.0,71.0,78.58997955010224,0.318756014343331,206.0000961333782,1,1,1
Debbie_Gibson_-_Foolish_Beat.mid,debbie_gibson_-_foolish_beat,257.9921875,9,7,2,3206,12.426732883142053,56.6983780411728,33.0,90.0,98.39800374298191,0.5040012866500312,80.0,1,1,1
Debbie_Gibson_-_Lost_in_your_Eyes.mid,debbie_gibson_-_lost_in_your_eyes,211.54799456666663,8,7,1,2316,10.947870268135027,56.90414507772021,28.0,96.0,109.53929188255613,0.606930489169545,72.99998296667064,1,2,1
Debby_Boone_-_You_Light_Up_My_Life.mid,debby_boone_-_you_light_up_my_life,175.56524325,7,6,1,2240,12.758789601711214,57.51741071428572,29.0,93.0,94.384375,0.7723897409877232,56.733330386115334,30,1,1
Def_Leppard_-_Photograph.mid,def_leppard_-_photograph,257.198402,7,6,1,4021,15.633845190064596,50.40586918676946,28.0,88.0,95.7125093260383,0.2641486667288396,123.49998970833421,1,1,1
Depeche_Mode_-_Enjoy_the_Silence-2.mid,depeche_mode_-_enjoy_the_silence-2,212.05208333333334,15,9,6,4973,23.4517856265658,49.60828473758295,25.0,76.0,58.44379650110597,0.2890345364970827,120.0,1,0,1
Depeche_Mode_-_Everything_Counts.mid,depeche_mode_-_everything_counts,217.77177296875,8,7,1,5375,24.68180300286808,53.76446511627907,35.0,81.0,89.57953488372092,0.3124749243895353,108.000108000108,1,0,1
Depeche_Mode_-_Master_and_Servant.mid,depeche_mode_-_master_and_servant,216.66148968749997,5,4,1,3981,18.37428518442278,48.791258477769404,33.0,85.0,87.39638281838734,0.23585594409382057,126.00012600012602,1,0,1
Depeche_Mode_-_People_Are_People.mid,depeche_mode_-_people_are_people,230.0,16,15,1,3525,15.326086956521738,53.21900709219858,26.0,108.0,94.08936170212766,0.3085319148936169,120.0,1,1,1
Diana_Ross_-_Theme_from_Mahogany.mid,diana_ross_-_theme_from_mahogany,153.0,6,5,1,1777,11.61437908496732,50.057962858750706,35.0,84.0,95.55655599324704,0.5219646876758582,80.0,1,1,1
Diana_Ross_-_Touch_Me_in_the_Morning.mid,diana_ross_-_touch_me_in_the_morning,173.33342000000002,9,8,1,5308,30.623061611546113,56.92897513187641,31.0,95.0,86.8302562170309,0.5015880009404047,89.9999550000225,1,1,1
Diana_Ross_-_Upside_Down.mid,diana_ross_-_upside_down,254.40992575,10,9,1,9222,36.248585713837855,55.242138364779876,19.0,85.0,101.27000650618088,0.18650627485451463,107.9999136000691,1,1,15
Dionne_Warwick_-_Do_You_Know_the_Way_to_San_Jose.mid,dionne_warwick_-_do_you_know_the_way_to_san_jose,132.0,4,3,1,2033,15.401515151515152,49.78553861288736,33.0,77.0,87.7924249877029,0.28880759140842793,120.0,1,1,1
Dionne_Warwick_-_Heartbreaker.mid,dionne_warwick_-_heartbreaker,255.76580348958336,9,8,1,4691,18.340997647056643,53.807290556384565,28.0,90.0,75.81730974205927,0.5933605820986997,102.0000510000255,1,1,7
Dionne_Warwick_-_I_Say_A_Little_Prayer.mid,dionne_warwick_-_i_say_a_little_prayer,188.0568019375,8,7,1,3385,17.999880701603086,56.77459379615953,35.0,95.0,81.16691285081241,0.31554608703840464,138.00019320027047,1,0,1
Dionne_Warwick_-_Walk_On_By.mid,dionne_warwick_-_walk_on_by,169.89375,9,8,1,2828,16.645697678696244,54.30905233380481,29.0,93.0,100.41018387553041,0.41468131188118795,99.99999999999999,1,0,1
Dixie_Chicks_-_Goodbye_Earl.mid,dixie_chicks_-_goodbye_earl,252.31661900000003,13,12,1,10685,42.34758710047553,52.89452503509593,29.0,101.0,92.54562470753393,0.25396947258617997,123.00022140039852,1,1,1
Dixie_Chicks_-_I_Can_Love_You_Better.mid,dixie_chicks_-_i_can_love_you_better,180.10833333333332,10,9,1,7015,38.948780826354515,54.97148966500357,26.0,88.0,79.89907341411262,0.2674821810406254,120.0,1,1,1
Dobie_Gray_-_Drift_Away.mid,dobie_gray_-_drift_away,216.932240875,10,9,1,3584,16.521287871013886,55.142857142857146,24.0,89.0,83.24581473214286,0.4579791156034923,64.80001432667319,10,0,1
Don_Henley_-_Dirty_Laundry.mid,don_henley_-_dirty_laundry,233.73907200000002,5,4,1,7661,32.775863848727866,60.52473567419397,27.0,83.0,87.30452943479963,0.18820616964169168,115.00002875000717,1,0,1
Don_Henley_-_End_of_the_Innocence.mid,don_henley_-_end_of_the_innocence,335.3123243020833,8,5,3,6546,19.522097834085873,50.12878093492209,24.0,96.0,89.1961503208066,0.5409824976313458,111.9999261000525,2,1,1
Don_Henley_-_New_York_Minute.mid,don_henley_-_new_york_minute,384.9460499708333,21,19,2,5398,14.022744227168968,59.275842904779545,29.0,101.0,66.71711745090775,0.6858481304846703,49.29411697353118,17,1,1
Don_McLean_-_American_Pie.mid,don_mclean_-_american_pie,369.07799385,5,4,1,6870,18.613951832609377,55.97845705967977,33.0,86.0,108.51208151382824,0.4457175407569142,115.00009950011376,5,1,1
Don_McLean_-_Vincent.mid,don_mclean_-_vincent,231.265625,6,5,1,4972,21.499087899466254,56.58467417538214,35.0,103.0,88.70997586484312,0.5491489843121481,99.99999999999999,1,1,1
Donna_Summer_-_Bad_Girls.mid,donna_summer_-_bad_girls,272.2291666666667,14,12,2,9561,35.12114486875335,57.61154690931911,21.0,86.0,86.83631419307603,0.16218927587769832,120.0,1,1,1
Donna_Summer_-_Hot_Stuff.mid,donna_summer_-_hot_stuff,308.7083333333333,12,9,3,7510,24.32716965852342,52.45739014647137,26.0,84.0,86.13022636484688,0.2500510430537066,120.0,1,1,1
Donna_Summer_-_I_Feel_Love.mid,donna_summer_-_i_feel_love,363.68713631249994,11,6,5,10140,27.881107104341343,51.39861932938856,33.0,95.0,107.24082840236686,0.25933918080621293,130.00013000013,1,0,1
Donna_Summer_-_Last_Dance.mid,donna_summer_-_last_dance,194.94013480208332,7,6,1,3442,17.656702676924667,56.39744334689134,27.0,94.0,105.61824520627542,0.42731801314037426,127.00132928057981,1,0,1
Donna_Summer_-_On_the_Radio.mid,donna_summer_-_on_the_radio,260.18439890625,12,11,1,11409,43.84966988013338,53.0623192216671,26.0,103.0,76.34656849855378,0.2179123750164344,132.000132000132,1,1,1
Donny_Osmond_-_Puppy_Love.mid,donny_osmond_-_puppy_love,150.729106375,6,5,1,1909,12.665105273367612,54.30120481927711,24.0,90.0,84.41225772655841,0.24108653269054495,72.00002880001152,1,1,1
Donovan_-_Mellow_Yellow.mid,donovan_-_mellow_yellow,276.2,12,8,4,3946,14.286748732802318,50.042321338063864,19.0,77.0,96.54358844399391,0.30901514191586427,100.0,1,1,1
Donovan_-_Sunshine_Superman.mid,donovan_-_sunshine_superman,291.85546875,7,4,3,4194,14.37012648062638,46.87887458273725,29.0,96.0,72.76967095851217,0.3237833251371006,128.0,1,1,1
Dr_Dre_-_Forgot_About_Dre.mid,dr_dre_-_forgot_about_dre,230.8266483333333,8,6,2,3987,17.272702388514663,51.189365437672436,31.0,70.0,101.93829947328818,0.14667002100576865,133.00024161710562,1,0,1
Dusty_Springfield_-_I_Only_Want_To_Be_With_You.mid,dusty_springfield_-_i_only_want_to_be_with_you,158.18639484375,13,12,1,4328,27.360127931830167,55.318391866913124,31.0,98.0,84.49191312384472,0.2592326953125002,132.000132000132,1,1,1
Dusty_Springfield_-_Son_of_a_Preacher_Man.mid,dusty_springfield_-_son_of_a_preacher_man,203.8648298958333,4,3,1,3208,15.73591679172498,49.55174563591022,24.0,89.0,88.41115960099751,0.35150729177706747,97.9999836666694,1,0,1
Eagle_Eye_Cherry_-_Save_Tonight.mid,eagle_eye_cherry_-_save_tonight,239.89597283333333,16,15,1,16172,67.41255307039033,55.55528073212961,29.0,86.0,81.14617858026219,0.1887194033978483,118.7082858049082,24,1,1
Ed_Sheeran_-_Thinking_Out_Loud_-_Violin.mid,ed_sheeran_-_thinking_out_loud_-_violin,278.1603152236327,3,3,0,1540,5.536375664378599,57.72532467532468,28.0,83.0,86.0,0.6892684643966859,71.00009485746168,15,1,2
Eddie_Kendricks_-_Boogie_Down.mid,eddie_kendricks_-_boogie_down,261.53445872916666,10,9,1,8940,34.18287610527782,55.12606263982103,0.0,91.0,105.51879194630872,0.17318073617636104,112.00005973336519,1,1,1
Eddy_Arnold_-_Welcome_To_My_World.mid,eddy_arnold_-_welcome_to_my_world,222.61875,7,6,1,5521,24.800247059153822,56.95634848759283,33.0,76.0,64.09001992392683,0.3731853378011292,80.0,1,1,1
Edgar_Winter_-_Frankenstein.mid,edgar_winter_-_frankenstein,237.55,10,9,1,5357,22.551041885918753,51.393503826768715,28.0,86.0,95.49094642523801,0.24537941011760317,100.0,1,1,1
Edwin_Starr_-_War.mid,edwin_starr_-_war,129.05706916666665,9,8,1,5708,44.22849547767573,55.05903994393833,24.0,84.0,85.55308339173091,0.2538950658432608,113.99995440001827,1,1,1
Eels_-_Last_Stop_This_Town.mid,eels_-_last_stop_this_town,204.17466199999998,17,16,1,4182,20.48246319614331,48.28718316594931,23.0,88.0,101.96030607364897,0.34050677557787346,103.0000480666891,1,1,1
Eels_-_Your_Lucky_Day_In_Hell.mid,eels_-_your_lucky_day_in_hell,261.82830045833333,16,14,2,3679,14.051193066448011,55.14433269910302,24.0,91.0,75.41288393585214,0.7281027010396847,102.0000510000255,1,1,1
Eiffel_65_-_Another_Race.mid,eiffel_65_-_another_race,273.488208,11,10,1,3732,13.645926554902873,45.36789924973205,17.0,91.0,107.28938906752411,0.33577171043229725,129.00007740004645,1,1,1
Eiffel_65_-_Blue_Da_Ba_Dee.mid,eiffel_65_-_blue_da_ba_dee,164.4229125,31,30,1,2687,16.342004646098214,57.36248604391515,26.0,95.0,103.04019352437663,0.26713207949385936,130.00013000013,1,1,1
Eiffel_65_-_Dub_in_Life.mid,eiffel_65_-_dub_in_life,258.09498,10,9,1,4156,16.102599128429386,50.42589027911453,31.0,100.0,94.84913378248315,0.35022766205486044,126.00012600012599,1,1,1
Eiffel_65_-_Too_Much_of_Heaven.mid,eiffel_65_-_too_much_of_heaven,343.66632300000003,11,10,1,4875,14.185271217278975,56.71876923076923,12.0,91.0,97.77374358974359,0.43526908040000006,180.00018000018,1,1,1
Eiffel_65_-_Your_Clown.mid,eiffel_65_-_your_clown,252.29566479166664,12,11,1,2657,10.531294710093492,48.97478359051562,25.0,102.0,102.16296575084682,0.6084276463116296,109.99990833340973,1,1,1
Elmore_James_-_Dust_My_Broom.mid,elmore_james_-_dust_my_broom,132.98250933333333,13,10,3,4669,35.10988041515074,54.501177982437355,26.0,93.0,80.0663953737417,0.234216162343828,113.99995440001827,1,1,1
Elton_John_-_Candle_in_the_Wind.mid,elton_john_-_candle_in_the_wind,228.9409645833333,9,8,1,4108,17.94349039926714,54.80769230769231,28.0,76.0,97.3047711781889,0.6186030122956223,111.72516621275186,6,0,2
Eminem_-_Bad_Meets_Evil.mid,eminem_-_bad_meets_evil,212.87588499999998,8,7,1,2636,12.382802307551183,57.16274658573597,28.0,98.0,114.00417298937785,0.28975366659948787,107.37502862241314,2,1,1
Eminem_-_Guilty_Conscience.mid,eminem_-_guilty_conscience,198.96685000000002,8,7,1,2957,14.861772199740809,44.247210010145416,24.0,91.0,127.0,0.3174318792272573,151.000091000091,2,1,1
Eminem_-_Kim.mid,eminem_-_kim,355.000284,11,10,1,10830,30.507017847906848,56.9202216066482,18.0,95.0,100.0,0.3544555005540165,143.99988480009216,1,1,1
Eminem_-_My_Name_Is.mid,eminem_-_my_name_is,266.8541666666667,4,3,1,1635,6.126941993910531,49.12048929663609,29.0,120.0,113.20244648318042,0.17522426095820617,60.0,1,0,1
Eminem_-_Role_Model.mid,eminem_-_role_model,200.86835999999997,6,5,1,2188,10.892706048876988,47.02193784277879,34.0,75.0,95.14488117001828,0.271762338893967,92.00055200331204,1,0,1
Eminem_-_Stan.mid,eminem_-_stan,367.9520279999999,4,3,1,5587,15.184044589638738,46.73706819402184,32.0,71.0,100.02649006622516,0.285624501521389,82.9999502000299,1,1,1
Eminem_-_Superman.mid,eminem_-_superman,59.58826821458334,4,3,1,550,9.230004772405783,46.85090909090909,26.0,69.0,91.32727272727273,0.4977771529772728,64.44011740989392,1,1,1
Eminem_-_The_Real_Slim_Shady.mid,eminem_-_the_real_slim_shady,265.13888000000003,8,7,1,3122,11.774961107175226,50.961563100576555,0.0,87.0,115.85137732222934,0.1704239101537475,105.00157502362535,1,0,1
Eminem_-_The_Way_I_Am.mid,eminem_-_the_way_i_am,291.32964,8,5,3,3552,12.192374246575117,47.294200450450454,28.0,74.0,123.96058558558559,0.34004471131756747,86.49995242502617,1,1,1
Eminem_-_Under_The_Influence.mid,eminem_-_under_the_influence,324.0,7,5,2,3302,10.191358024691358,41.11235614778922,22.0,106.0,124.99061175045426,0.23402483343428246,100.0,1,1,1
En_Vogue_-_Free_Your_Mind.mid,en_vogue_-_free_your_mind,275.2909162760417,6,5,1,5499,19.975232290214773,49.43480632842335,36.0,86.0,75.46099290780141,0.2572508555106609,102.0000510000255,1,0,1
En_Vogue_-_My_Lovin.mid,en_vogue_-_my_lovin,235.85677083333331,14,12,2,9663,40.96977994678091,54.586463831108354,29.0,85.0,69.98965124702474,0.12857490125564427,120.0,1,0,1
Enrique_Iglesias_-_Bailamos.mid,enrique_iglesias_-_bailamos,224.53447619791666,10,9,1,8710,38.791370249629466,58.76061997703789,23.0,85.0,89.32870264064294,0.22210883174153281,83.99998600000234,2,1,3
Enrique_Iglesias_-_Be_With_You.mid,enrique_iglesias_-_be_with_you,210.83082315208335,12,11,1,5897,27.970293488567297,56.586060708835,30.0,83.0,96.14057995590979,0.3336099822833645,122.00006913337249,1,1,1
Enrique_Iglesias_-_Experiencia_Religiosa.mid,enrique_iglesias_-_experiencia_religiosa,244.1930801333333,9,8,1,2806,11.49090710706413,54.87419814682823,25.0,85.0,99.51781895937278,0.8071288444404846,113.99995440001827,1,1,1
Enya_-_Lothlorien.mid,enya_-_lothlorien,109.57291666666666,2,1,1,650,5.932122825363629,63.10923076923077,41.0,84.0,75.40615384615384,0.35920272435897443,120.0,1,0,1
Enya_-_Orinoco_Flow.mid,enya_-_orinoco_flow,238.78199124999998,13,12,1,3094,12.957426076410611,57.176793794440854,24.0,91.0,86.91919844861022,0.3415125696913365,114.09989445759763,1,1,1
Eric_Carmen_-_All_By_Myself.mid,eric_carmen_-_all_by_myself,305.7542731302084,10,8,2,3003,9.821612529749155,52.37395937395937,26.0,93.0,97.27405927405927,0.7504942400845664,70.00027358175056,37,1,6
Eric_Carmen_-_Hungry_Eyes.mid,eric_carmen_-_hungry_eyes,209.25520833333331,10,9,1,4023,19.225327923936582,46.5843897588864,29.0,91.0,92.86477752920706,0.4523029041345594,120.0,1,0,1
Eric_Clapton_-_Bell_Bottom_Blues.mid,eric_clapton_-_bell_bottom_blues,323.3635575625,14,13,1,6820,21.09081199937573,56.30073313782991,23.0,96.0,72.23885630498533,0.45502923368310116,49.200012486672044,5,1,25
Eric_Clapton_-_wonderful_tonight_-_live_extnd_version_@jiji@.mid,eric_clapton_-_wonderful_tonight_-_live_extnd_version_@jiji@,349.2129854166667,6,5,1,3591,10.283122764508214,54.65942634363687,31.0,93.0,60.12531328320802,0.6790196627158175,72.80499136558797,10,1,1
Etta_James_-_At_Last.mid,etta_james_-_at_last,199.53955349999998,9,8,1,3408,17.079320566887006,56.781103286384976,25.0,90.0,84.50029342723005,0.30778212212441325,56.999977200009134,1,1,1
Eve_6_-_Inside_Out.mid,eve_6_-_inside_out,208.4477702895833,7,6,1,6519,31.274021261746125,46.46586899831262,28.0,71.0,119.89262156772512,0.20883606226287252,175.00007291669706,1,1,1
Everclear_-_Everything_To_Everyone.mid,everclear_-_everything_to_everyone,199.55,6,5,1,4558,22.841393134552742,46.65182097411145,29.0,79.0,93.45765686704695,0.14891125493637575,99.99999999999999,1,0,1
Everclear_-_Father_Of_Mine.mid,everclear_-_father_of_mine,227.51024199999998,8,7,1,9931,43.650782104130506,58.4905850367536,27.0,88.0,80.0,0.18944392916121236,97.9999836666694,1,0,1
Everclear_-_I_Will_Buy_You_A_New_Life.mid,everclear_-_i_will_buy_you_a_new_life,231.88000000000002,12,11,1,6268,27.03122304640331,59.11678366305041,31.0,95.0,75.94240587109125,0.3652968118485428,88.23529411764706,1,1,1
Everclear_-_Santa_Monica.mid,everclear_-_santa_monica,194.25,10,9,1,6899,35.51608751608752,61.10769676764748,36.0,95.0,94.08798376576316,0.2648680968256269,99.99999999999999,1,1,1
Everlast_-_What_Its_Like.mid,everlast_-_what_its_like,309.176316,5,4,1,4143,13.40012085531157,47.93965725319816,28.0,74.0,123.72314747767318,0.47588289590574456,170.0000850000425,1,1,1
Exile_-_Kiss_you_all_over.mid,exile_-_kiss_you_all_over,209.108768,6,5,1,2641,12.629790827326762,48.54070427868232,29.0,81.0,92.00605831124574,0.6201826376798563,101.00006901671382,1,0,1
Extreme_-_More_Than_Words.mid,extreme_-_more_than_words,326.0971505,4,4,0,4663,14.299419644882791,56.88977053399099,7.0,76.0,101.44477803988849,0.3601972330134391,144.6711366808278,97,1,1
Fabulous_Thunderbirds_-_Wrap_It_Up.mid,fabulous_thunderbirds_-_wrap_it_up,174.2626953125,5,4,1,3455,19.8263890834711,51.10448625180897,35.0,82.0,96.12127351664255,0.2992294907742402,128.0,1,1,1
Faith_Evans_-_Love_Like_This.mid,faith_evans_-_love_like_this,275.480009775,10,9,1,5857,21.261070829726414,52.681236127710434,26.0,125.0,77.81782482499572,0.2349552199092254,101.00006901671382,1,1,1
Faith_Hill_-_Breathe.mid,faith_hill_-_breathe,239.739851625,10,9,1,4075,16.997591232241593,54.24466257668712,31.0,86.0,104.36932515337423,0.6082035583640081,137.00006393336315,1,1,1
Faith_No_More_-_Epic.mid,faith_no_more_-_epic,317.09000000000003,9,8,1,6566,20.707054779400167,45.69920804142553,23.0,84.0,75.43024672555589,0.3155528480048733,125.0,1,1,1
Faithless_-_God_Is_A_DJ.mid,faithless_-_god_is_a_dj,204.01571125000004,11,9,2,2074,10.165883731662845,49.310511089681775,29.0,96.0,57.072324011571844,0.5574817845949855,130.0144966163727,1,0,1
Falco_-_Der_Kommissar.mid,falco_-_der_kommissar,215.96875,9,5,4,2988,13.835334973231081,48.620147255689425,31.0,77.0,106.79317269076306,0.3906380731258318,120.0,1,0,1
Falco_-_Rock_Me_Amadeus.mid,falco_-_rock_me_amadeus,155.454504,6,5,1,2893,18.609946483120233,57.24956792257173,35.0,78.0,94.74524714828897,0.13986539022352815,88.00002346667293,1,0,2
Fastball_-_Out_Of_My_Head.mid,fastball_-_out_of_my_head,151.3265625,6,5,1,2618,17.300333508864316,52.99503437738732,28.0,100.0,101.41711229946524,0.4043407419786121,80.0,1,1,1
Fastball_-_The_Way.mid,fastball_-_the_way,255.75868770833335,11,10,1,7395,28.913973817512083,56.22582826233942,28.0,80.0,100.0,0.20968032967094893,117.99990166674861,1,1,1
Fatboy_Slim_-_Going_Out_of_My_Head.mid,fatboy_slim_-_going_out_of_my_head,243.5087890625,8,7,1,6410,26.323485179644923,52.02215288611544,19.0,108.0,119.71294851794072,0.2687205964801092,128.0,1,1,1
Fatboy_Slim_-_Praise_You.mid,fatboy_slim_-_praise_you,330.9307965729167,15,14,1,7905,23.88716940781372,53.94471853257432,32.0,87.0,100.56116382036686,0.2084836558942125,89.47506895756953,40,0,1
Fatboy_Slim_-_Right_Here_Right_Now.mid,fatboy_slim_-_right_here_right_now,346.44,14,10,4,9274,26.769426163260594,55.14362734526634,25.0,94.0,106.23657537200776,0.30474822083243475,125.0,1,1,1
Fatboy_Slim_-_Rockafella_Skank.mid,fatboy_slim_-_rockafella_skank,294.0262061458334,15,14,1,7498,25.501128277936846,43.97079221125634,8.0,82.0,120.24619898639638,0.20381699561744232,199.3335957506857,15,1,1
Fats_Domino_-_Blueberry_Hill.mid,fats_domino_-_blueberry_hill,170.0875,11,5,6,5522,32.46564268391269,58.09779065555958,28.0,81.0,83.29717493661717,0.21816484063745029,99.99999999999999,1,0,1
Fine_Young_Cannibals_-_She_Drives_Me_Crazy.mid,fine_young_cannibals_-_she_drives_me_crazy,235.71416000000002,11,9,2,4045,17.16061521293417,60.046477132262055,30.0,82.0,91.08974042027194,0.36747618578904007,112.00005973336519,1,1,1
Fiona_Apple_-_Criminal.mid,fiona_apple_-_criminal,263.4667984,4,4,0,2442,9.268720061996243,56.63636363636363,41.0,79.0,73.43980343980344,0.4670024630033446,89.9999550000225,1,0,1
Firefall_-_Just_Remember_I_Love_you.mid,firefall_-_just_remember_i_love_you,151.21744,6,4,2,2005,13.259052659534508,52.20997506234414,36.0,79.0,65.00498753117208,0.6587580346009977,122.00012400024801,2,1,0
Firefall_-_You_are_the_Woman.mid,firefall_-_you_are_the_woman,155.31380208333331,9,8,1,2502,16.109321685767224,51.442845723421264,28.0,86.0,110.31814548361311,0.31461913802291264,120.0,1,0,1
Five_Man_Electrical_Band_-_Signs.mid,five_man_electrical_band_-_signs,175.067876125,7,6,1,4475,25.561514191243234,53.48737430167598,29.0,74.0,107.51575418994413,0.239365425977654,82.99995020002989,1,1,3
Frankie_Avalon_-_Venus.mid,frankie_avalon_-_venus,140.18709865625001,9,8,1,4026,28.718762557973143,54.31172379533035,29.0,79.0,86.56284153005464,0.4586217383439931,113.99989710009345,3,1,1
Frankie_Goes_to_Hollywood_-_Relax.mid,frankie_goes_to_hollywood_-_relax,216.4286615625,20,19,1,5395,24.927382358006398,58.759777571825765,16.0,95.0,99.4079703429101,0.2778870071767841,122.00180562672327,1,0,1
Frankie_Valli_-_Grease.mid,frankie_valli_-_grease,194.999805,9,8,1,3236,16.594888389760182,50.25587144622991,29.0,94.0,109.16841779975279,0.4124300572852287,110.00011000011,1,0,1
Freda_Payne_-_Band_of_Gold.mid,freda_payne_-_band_of_gold,173.62050926666666,16,13,3,6214,35.79070252844272,57.61538461538461,28.0,95.0,105.83971676858707,0.30478171100203844,107.9999136000691,1,1,1
Freddie_King_-_Hideaway.mid,freddie_king_-_hideaway,202.33633612499997,11,5,6,5458,26.974887973794978,58.062477097838034,31.0,100.0,89.45364602418468,0.14498991899505306,130.00013000013,1,1,1
Freddie_Mercury_-_Living_on_my_Own.mid,freddie_mercury_-_living_on_my_own,216.41347406249997,8,7,1,8459,39.08721504815846,62.92292233124483,26.0,91.0,72.47204161248375,0.14648138816645,126.00012600012602,1,1,1
Fugazi_-_Waiting_Room.mid,fugazi_-_waiting_room,173.666493,7,6,1,6724,38.71788900579688,41.902885187388456,25.0,76.0,119.97471743010114,0.1788235000381099,180.00018000018,1,1,1
Garth_Brooks_-_Friends_In_Low_Places.mid,garth_brooks_-_friends_in_low_places,223.115182,6,5,1,2705,12.123782773330054,50.92421441774491,33.0,78.0,58.6536044362292,0.43142097966728277,102.49996062502953,2,1,1
Garth_Brooks_-_Two_Pina_Coladas.mid,garth_brooks_-_two_pina_coladas,248.72747999999996,12,11,1,11274,45.32671661370107,59.922032996274616,31.0,84.0,87.395777896044,0.3234018612570961,109.99990833340973,1,1,1
Gary_Lewis_and_the_Playboys_-_Everybody_Loves_a_Clown.mid,gary_lewis_and_the_playboys_-_everybody_loves_a_clown,153.52465241666667,12,11,1,5681,37.00382909567994,54.11195212110544,24.0,99.0,105.61186410843162,0.32998407753916537,136.0001450668214,1,0,1
Gary_Wright_-_Dream_Weaver.mid,gary_wright_-_dream_weaver,229.58125189999998,16,6,10,3276,14.2694578624693,54.21062271062271,28.0,95.0,83.79304029304029,0.6940638833333331,135.000135000135,1,1,1
Gary_Wright_-_Love_is_Alive.mid,gary_wright_-_love_is_alive,210.34888098958336,9,8,1,2773,13.182860716702939,50.2646952758745,27.0,84.0,106.42697439596105,0.21770934785956872,97.00105084471748,1,1,1
Gene_Autry_-_Back_in_the_Saddle_Again.mid,gene_autry_-_back_in_the_saddle_again,258.10688475,8,7,1,5099,19.755381592935212,51.35477544616592,31.0,76.0,75.95018631104138,0.37699887705616325,140.00014000014,1,1,1
Gene_Chandler_-_Duke_Of_Earl.mid,gene_chandler_-_duke_of_earl,154.60574861666666,8,7,1,3692,23.88009522953792,52.22237269772481,34.0,76.0,108.86132177681473,0.3233849785504695,104.00001386666852,1,1,1
Gene_Vincent_-_Be_Bop_a_Lula.mid,gene_vincent_-_be_bop_a_lula,154.37222083333336,10,8,2,3033,19.647317267493044,53.10056050115397,28.0,85.0,89.5568743818002,0.14439176487800848,120.18750484275179,16,1,1
Genesis_-_A_Trick_of_the_Tail.mid,genesis_-_a_trick_of_the_tail,276.6357724333334,25,15,10,6410,23.171262138719783,61.0613104524181,31.0,97.0,101.15522620904837,0.38056406230499235,121.66661877224233,3,1,1
Genesis_-_Abacab.mid,genesis_-_abacab,255.23783999999998,13,7,6,4084,16.00076226941899,46.39813907933399,28.0,86.0,104.65279138099902,0.28776614103819786,126.00012600012602,1,0,1
Genesis_-_Afterglow.mid,genesis_-_afterglow,248.727024,10,5,5,2071,8.326397215286104,59.13664896185418,36.0,86.0,68.74263640753259,1.2360726851762431,110.00011000011,1,1,1
Genesis_-_Calling_all_Stations.mid,genesis_-_calling_all_stations,347.9206760833334,17,16,1,6393,18.374878066944085,46.77647426873143,24.0,93.0,110.9726263100266,0.5285875487805672,88.28592869439825,1,0,1
Genesis_-_Dance_on_a_Volcano.mid,genesis_-_dance_on_a_volcano,362.43401425000025,14,13,1,8956,24.71070497765786,53.81677087985708,22.0,91.0,106.16335417597142,0.43741540685760044,128.2786909363974,122,3,18
Genesis_-_Entangled.mid,genesis_-_entangled,386.067119725,15,15,0,7459,19.320474650400506,67.16624212360907,0.0,96.0,99.71671805872101,0.5009579960386223,75.32257132581492,31,0,11
Genesis_-_Fifth_of_Fifth.mid,genesis_-_fifth_of_fifth,496.85935658333335,13,12,1,6590,13.263310658606313,54.486342943854325,27.0,88.0,97.5761760242792,0.4641763461526303,72.2653010813015,49,1,1
Genesis_-_Home_by_the_Sea.mid,genesis_-_home_by_the_sea,329.23536313333335,23,21,2,6571,19.958366371898162,53.52275148379242,26.0,96.0,81.89529751940344,0.4012645543702126,118.44556216314625,9,1,1
Genesis_-_Illegal_Alien.mid,genesis_-_illegal_alien,306.8752455,21,19,2,7569,24.66474605231721,53.66270313119303,29.0,84.0,98.33729686880697,0.3879652918020874,143.99988480009216,1,1,1
Genesis_-_In_Too_Deep.mid,genesis_-_in_too_deep,300.0239984583333,13,12,1,4826,16.085379918934134,59.06402818068794,31.0,95.0,72.57335267302113,0.537806959119008,104.00001386666852,1,1,1
Genesis_-_Invisible_Touch.mid,genesis_-_invisible_touch,225.81093697916668,8,7,1,5318,23.550675052070833,54.54569386987589,27.0,96.0,103.30048890560361,0.2523176597586225,131.00007641671124,1,1,1
Genesis_-_Jesus_He_Knows_Me.mid,genesis_-_jesus_he_knows_me,257.49479166666663,14,13,1,5295,20.563522724974213,51.650802644003775,26.0,82.0,95.2219074598678,0.29530217186023927,96.0,1,1,1
Genesis_-_Land_of_Confusion.mid,genesis_-_land_of_confusion,287.585996,14,13,1,8443,29.35817500654656,54.562359350941605,22.0,124.0,90.60926211062419,0.23264064692768185,116.00008506672903,1,1,1
Genesis_-_Misunderstanding.mid,genesis_-_misunderstanding,159.18649629166666,7,4,3,3247,20.39745880235181,52.1050200184786,36.0,81.0,91.77486910994764,0.24048302370778193,109.99990833340973,1,1,1
Genesis_-_No_Son_of_Mine.mid,genesis_-_no_son_of_mine,379.16461290625,11,10,1,3610,9.520930691104835,52.3584487534626,26.0,84.0,102.31329639889196,0.5782647588238687,104.00001386666852,1,1,1
Genesis_-_Paperlate.mid,genesis_-_paperlate,193.99791666666667,7,6,1,2765,14.252730377259207,60.14321880650994,36.0,95.0,116.72875226039783,0.3609218655816764,120.0,1,1,1
Genesis_-_Tonight_Tonight_Tonight.mid,genesis_-_tonight_tonight_tonight,426.1161424479166,13,12,1,9334,21.904826102993454,56.19155774587529,21.0,108.0,54.4222198414399,0.34662344035693843,97.9999836666694,1,1,1
Genesis_-_Turn_it_on_Again.mid,genesis_-_turn_it_on_again,216.50807895,14,9,5,5326,24.599543933092573,51.64926774314683,29.0,92.0,113.10814870446865,0.18325046949868576,61.999995866666936,1,1,15
George_Benson_-_Give_Me_the_Night.mid,george_benson_-_give_me_the_night,291.628764375,14,13,1,7082,24.284298619094336,56.4510025416549,24.0,95.0,98.89960463146004,0.21234618419937862,112.00026880064512,1,1,1
George_Benson_-_On_Broadway.mid,george_benson_-_on_broadway,194.2183243,8,7,1,4920,25.33231618454449,50.12052845528455,26.0,91.0,101.60365853658537,0.22996664747967469,135.000135000135,1,1,1
George_Benson_-_This_Masquerade.mid,george_benson_-_this_masquerade,601.318992,10,4,6,12290,20.438403182848415,53.22579332790887,27.0,80.0,64.03254678600489,0.3483840174789801,90.99995298335763,1,1,1
George_Benson_-_Turn_Your_Love_Around.mid,george_benson_-_turn_your_love_around,235.617621525,8,7,1,4509,19.13693878588608,47.503659347970725,17.0,91.0,108.86072299844754,0.19983293812375247,105.000105000105,1,1,1
George_McCrae_-_Rock_Your_Baby.mid,george_mccrae_-_rock_your_baby,190.18876800000004,13,9,4,5017,26.37905515009172,53.240980665736494,31.0,91.0,82.0723539964122,0.2771643746827454,105.99995053335641,1,1,1
George_Michael_-_Faith.mid,george_michael_-_faith,137.96041666666667,6,5,1,3304,23.94889838570846,53.64376513317191,34.0,83.0,89.81204600484261,0.2749079398708633,120.0,1,1,1
George_Michael_-_Father_Figure.mid,george_michael_-_father_figure,342.1755087541667,12,10,2,5580,16.307420774550252,51.83243727598566,28.0,82.0,80.00591397849462,0.41097287293533474,101.00006901671382,1,1,1
George_Michael_-_Freedom.mid,george_michael_-_freedom,405.3279804416667,12,9,3,10924,26.95101381379256,55.95779934090077,36.0,96.0,123.21191871109484,0.24968684928292434,89.9999550000225,1,1,1
George_Michael_-_One_More_Try.mid,george_michael_-_one_more_try,351.38942858333337,5,4,1,2272,6.4657608202951,55.032130281690144,27.0,84.0,80.91593309859155,0.8357833016028464,45.73833511870216,30,1,1
George_Strait_-_All_My_Ex's_Live_in_Texas.mid,george_strait_-_all_my_ex's_live_in_texas,172.5375,8,7,1,4389,25.43794827211476,53.579858737753476,35.0,88.0,87.84392800182273,0.40755961874382907,120.0,1,1,1
George_Strait_-_Amarillo_by_Morning.mid,george_strait_-_amarillo_by_morning,203.377288125,9,8,1,2649,13.025053212293146,51.109097772744434,36.0,83.0,106.439033597584,0.5050566941141312,117.99990166674861,1,1,1
George_Strait_-_I_Cross_My_Heart.mid,george_strait_-_i_cross_my_heart,216.51481291666673,9,8,1,2300,10.622829768627586,54.72521739130435,30.0,88.0,92.06521739130434,0.7751703814565221,107.4999821356793,36,1,1
George_Strait_-_I_Just_Want_To_Dance_With_You.mid,george_strait_-_i_just_want_to_dance_with_you,216.00017999999997,13,12,1,7148,33.09256501545509,57.56841074426413,27.0,96.0,82.15388919977616,0.4446562183361313,109.99990833340973,1,1,1
Geri_Halliwell_-_Look_At_Me.mid,geri_halliwell_-_look_at_me,302.92643342499997,28,26,2,15378,50.76480063535743,62.007738327480816,26.0,101.0,72.22597216803226,0.18687782262918867,144.3479669873792,64,1,1
Geri_Halliwell_-_Mi_Chico_Latino.mid,geri_halliwell_-_mi_chico_latino,183.6703758479167,10,9,1,9543,51.95720842811268,59.791155821020645,29.0,93.0,86.93628837891649,0.13488381048849069,104.99992125005905,1,1,1
Gerry_Rafferty_-_Baker_Street.mid,gerry_rafferty_-_baker_street,182.6,9,8,1,6947,38.04490690032859,61.08017849431409,26.0,86.0,85.50295091406362,0.21774147113862102,125.0,1,0,1
Gerry_Rafferty_-_Right_Down_the_Line.mid,gerry_rafferty_-_right_down_the_line,274.43154375,10,8,2,5770,21.025279824451665,56.49289428076256,28.0,84.0,93.15615251299826,0.46389061325823233,132.000132000132,1,1,1
Gerry_and_the_Pacemakers_-_How_Do_You_Do_It.mid,gerry_and_the_pacemakers_-_how_do_you_do_it,126.80756549999998,9,8,1,2320,18.295438374297948,48.79396551724138,26.0,76.0,69.5051724137931,0.3236568381465516,130.00013000013,1,1,1
Gino_Vannelli_-_I_Just_Wanna_Stop.mid,gino_vannelli_-_i_just_wanna_stop,253.13620596875,13,13,0,2594,10.247447575003287,62.38396299151889,23.0,98.0,119.80763299922899,0.931517950699531,62.99998296667212,2,1,1
Gladys_Knight_-_Midnight_Train_to_Georgia.mid,gladys_knight_-_midnight_train_to_georgia,272.59116946874997,9,5,4,4062,14.901436491564963,54.72156573116691,27.0,94.0,105.91285081240768,0.49844314504862164,89.00004005001804,1,0,1
Glen_Campbell_-_By_the_Time_I_Get_to_Phoenix.mid,glen_campbell_-_by_the_time_i_get_to_phoenix,171.81103372916667,18,16,2,3764,21.907789728646645,59.26567481402763,24.0,103.0,82.99946865037194,0.5490145925101844,88.00002346667293,1,1,1
Glen_Campbell_-_Wichita_Lineman.mid,glen_campbell_-_wichita_lineman,196.62662399999996,18,17,1,3892,19.793860672703207,56.50256937307297,26.0,98.0,101.19964028776978,0.6761630470131037,82.9999502000299,1,1,1
Glenn_Frey_-_The_Heat_Is_On.mid,glenn_frey_-_the_heat_is_on,231.80166666666668,9,8,1,6061,26.147352981356185,53.60633558818677,26.0,108.0,94.93103448275862,0.2200346477478964,150.0,1,1,1
Glenn_Frey_-_The_One_You_Love.mid,glenn_frey_-_the_one_you_love,272.0,10,9,1,3641,13.386029411764707,51.93875308981049,26.0,88.0,97.39494644328481,1.3581570996978856,75.0,1,1,1
Glenn_Frey_-_You_Belong_to_the_City.mid,glenn_frey_-_you_belong_to_the_city,208.0,5,4,1,3337,16.04326923076923,54.40785136350015,35.0,86.0,92.81120767156128,0.40473135800618854,120.0,1,0,1
Gloria_Gaynor_-_I_Will_Survive.mid,gloria_gaynor_-_i_will_survive,301.1303595,10,9,1,10560,35.067869003756165,58.53342803030303,26.0,95.0,107.38607954545455,0.2884649105912642,115.0000287500072,1,1,1
Gloria_Gaynor_-_Never_Can_Say_Goodbye.mid,gloria_gaynor_-_never_can_say_goodbye,232.80073867187502,7,6,1,6391,27.45266203389459,54.129713659834145,24.0,100.0,102.79392896260366,0.2332424251486464,134.00005806669182,1,1,1
Goldfinger_-_Mable.mid,goldfinger_-_mable,139.048026,7,6,1,4699,33.79407917664361,47.68269844647797,28.0,83.0,99.9693551819536,0.1955687744865928,157.66666338335173,3,1,1
The_Babys_-_Midnight_Rendezvous.mid,the_babys_-_midnight_rendezvous,173.45833149999999,8,6,2,3075,17.72760047562201,46.84292682926829,35.0,81.0,115.21723577235772,0.345191621815718,133.00024161710562,1,0,1
The_Bangles_-_Eternal_Flame.mid,the_bangles_-_eternal_flame,162.15904766666665,10,6,4,2092,12.900914442346165,49.641969407265776,24.0,74.0,100.8642447418738,0.5341403331839543,88.00002346667293,1,1,1
The_Bangles_-_Hazy_Shade_of_Winter.mid,the_bangles_-_hazy_shade_of_winter,146.35875515625,8,7,1,2478,16.93099942913925,53.91000807102502,29.0,79.0,89.58958837772397,0.45864547404661066,132.000132000132,1,1,1
The_Bangles_-_Manic_Monday.mid,the_bangles_-_manic_monday,169.1324190729167,6,4,2,2528,14.94686834054046,61.02373417721519,33.0,83.0,110.20886075949367,0.5682504750193664,116.00008506672903,1,1,1
The_Bangles_-_Walk_Like_An_Egyptian.mid,the_bangles_-_walk_like_an_egyptian,194.77048270833333,15,14,1,7702,39.54397962618217,60.367696702155285,30.0,90.0,73.9330044144378,0.14149891025328934,207.00005175001294,1,1,1
The_Buckinghams_-_Kind_Of_A_Drag.mid,the_buckinghams_-_kind_of_a_drag,131.55030866666664,7,6,1,2610,19.84031832729059,49.68697318007663,24.0,86.0,81.99386973180077,0.26264129300766287,129.00007740004645,1,1,1
The_Buckinghams_-_Mercy_Mercy_Mercy.mid,the_buckinghams_-_mercy_mercy_mercy,236.16668495,9,8,1,2687,11.377557340777672,52.79307778191291,28.0,79.0,93.95645701525865,0.4110237057809206,77.499996041667,2,1,1
The_Byrds_-_Turn_Turn_Turn.mid,the_byrds_-_turn_turn_turn,218.97,17,7,10,7258,33.14609307211033,50.57426288233673,31.0,79.0,96.73697988426564,0.22189859465417477,125.0,1,0,1
The_Carpenters_-_A_Song_For_You.mid,the_carpenters_-_a_song_for_you,279.753754,14,11,3,3103,11.091897626510491,58.432162423461165,30.0,99.0,63.03899452143087,0.7210520537571169,67.85713829285852,7,1,11
The_Carpenters_-_Close_to_You.mid,the_carpenters_-_close_to_you,229.21494953125,17,16,1,3255,14.200644445995133,58.24884792626728,27.0,93.0,86.03809523809524,0.598127958736559,85.57654647943653,26,1,3
The_Carpenters_-_For_All_We_Know.mid,the_carpenters_-_for_all_we_know,149.03947625,9,8,1,1769,11.86933854378732,57.8111927642736,31.0,88.0,81.24194460146975,0.5504279186275203,125.75008280007772,4,0,1
The_Carpenters_-_Goodbye_to_Love.mid,the_carpenters_-_goodbye_to_love,233.249883375,22,7,15,3486,14.945345093251325,58.922547332185886,35.0,93.0,71.86775674125072,0.616370637783276,85.00004250002125,1,0,7
The_Carpenters_-_Hurting_Each_Other.mid,the_carpenters_-_hurting_each_other,172.89725919791664,12,11,1,2901,16.778750649130917,56.87728369527749,23.0,86.0,84.12547397449156,0.512972434415575,93.49998990833447,2,1,1
The_Carpenters_-_Merry_Christmas_Darling.mid,the_carpenters_-_merry_christmas_darling,196.20135429166663,13,12,1,2695,13.735888876657292,57.10352504638219,29.0,97.0,98.19443413729128,0.7646557837198512,76.99997818333952,1,1,1
The_Carpenters_-_Only_Yesterday.mid,the_carpenters_-_only_yesterday,206.38216541666668,8,7,1,4514,21.872044955467192,54.27315019937971,26.0,93.0,86.05449712007089,0.48734459845988415,122.99996925000768,1,1,1
The_Carpenters_-_Rainy_Days_and_Mondays.mid,the_carpenters_-_rainy_days_and_mondays,216.57771695833338,12,11,1,2605,12.028014869605292,55.34241842610365,29.0,101.0,74.52437619961613,0.5919585343050227,61.411765140200046,17,1,1
The_Carpenters_-_Sing.mid,the_carpenters_-_sing,202.72312591666667,11,10,1,3480,17.16627042062543,57.75086206896552,34.0,96.0,63.43390804597701,0.4899285247186297,108.50006209173574,8,1,1
The_Carpenters_-_Superstar.mid,the_carpenters_-_superstar,218.9919775,11,9,2,3791,17.311136431927057,52.42917436032709,25.0,96.0,86.08045370614613,0.41405753175283605,85.00004500004499,2,1,3
The_Carpenters_-_Sweet_Sweet_Smile.mid,the_carpenters_-_sweet_sweet_smile,180.28563999999997,12,11,1,7905,43.847086212745516,56.3381404174573,25.0,86.0,85.72789373814042,0.26176920510673624,147.50003645834852,2,1,1
The_Carpenters_-_Top_of_the_World.mid,the_carpenters_-_top_of_the_world,169.0470528,9,8,1,5187,30.683764751206596,54.549643339117026,31.0,84.0,99.37092731829574,0.2888088985540775,191.00007640003057,1,1,1
The_Carpenters_-_Yesterday_Once_More.mid,the_carpenters_-_yesterday_once_more,250.71225277083335,9,8,1,4653,18.559124847612186,55.815817751987964,29.0,91.0,86.38190414786159,0.5162813203309693,93.00004185001883,1,0,1
The_Clash_-_Rock_the_Casbah.mid,the_clash_-_rock_the_casbah,210.46132799999998,6,5,1,4812,22.86405795177725,60.324812967581046,28.0,81.0,90.42539484621778,0.25121066380922713,130.00013000013,1,1,1
The_Clash_-_Should_I_Stay_or_Should_I_Go.mid,the_clash_-_should_i_stay_or_should_i_go,167.05974084374998,10,9,1,3742,22.399172781549275,51.13709246392303,29.0,84.0,106.43933725280598,0.2611991887610236,115.0000287500072,1,1,1
The_Coasters_-_Charlie_Brown.mid,the_coasters_-_charlie_brown,165.333168,7,6,1,4977,30.102852683497844,56.757283504118945,34.0,84.0,100.62266425557564,0.23251377637130777,135.000135000135,1,1,1
The_Coasters_-_Yakety_Yak.mid,the_coasters_-_yakety_yak,87.384528,7,6,1,2444,27.968337827492757,54.30400981996727,24.0,84.0,91.42635024549918,0.15325638289689045,195.000195000195,1,1,1
The_Corrs_-_At_Your_Side.mid,the_corrs_-_at_your_side,269.53935937499995,10,8,2,5989,22.21938945720996,60.91968609116714,26.0,91.0,78.31307396894306,0.3786707137585572,123.00001556512605,21,1,1
The_Corrs_-_Carraroe_Jig.mid,the_corrs_-_carraroe_jig,57.353010000000005,5,3,2,1170,20.399975520029376,65.45555555555555,43.0,95.0,67.77777777777777,0.1755783906837606,203.99975520029378,1,1,1
The_Corrs_-_Closer.mid,the_corrs_-_closer,260.40000000000003,13,10,3,2743,10.53379416282642,59.231862923806055,36.0,85.0,81.76376230404667,0.5980143395309273,75.0,1,1,1
The_Corrs_-_Dreams.mid,the_corrs_-_dreams,237.84,16,15,1,7580,31.870164816683484,56.88218997361478,26.0,93.0,79.49577836411609,0.2649564643799472,125.0,1,1,1
The_Corrs_-_Forgiven_Not_Forgotten.mid,the_corrs_-_forgiven_not_forgotten,259.0001295,21,15,6,5687,21.957517978769967,52.141550905574114,26.0,93.0,58.307895199577985,0.4761385554792363,89.99995500002248,1,1,1
The_Corrs_-_Haste_to_the_Wedding.mid,the_corrs_-_haste_to_the_wedding,129.67856396666667,8,4,4,3540,27.298266511571967,64.61158192090396,38.0,96.0,87.95593220338984,0.1631554526082863,184.36007521214975,25,1,1
The_Corrs_-_Heaven_Knows.mid,the_corrs_-_heaven_knows,262.009503,14,13,1,5324,20.31987366504031,56.0576634109692,24.0,86.0,75.28606311044328,0.37416552779864753,106.99993580003851,1,1,1
The_Corrs_-_I_Know_My_Love.mid,the_corrs_-_i_know_my_love,149.345,16,11,5,6338,42.43864876627942,58.11801830230357,27.0,91.0,72.76901230672136,0.19766803408015124,100.0,1,1,1
The_Corrs_-_I_Never_Loved_You_Anyway.mid,the_corrs_-_i_never_loved_you_anyway,258.364641,18,13,5,5431,21.020678290107043,55.14693426624931,29.0,91.0,82.93647578714786,0.35905355580924325,106.99993580003851,1,1,1
The_Corrs_-_Intimacy.mid,the_corrs_-_intimacy,249.88901383333334,18,14,4,4465,17.86793237328148,58.32138857782755,26.0,88.0,77.61724524076148,0.41583447443449084,89.9999550000225,1,1,1
The_Corrs_-_Leave_Me_Alone.mid,the_corrs_-_leave_me_alone,215.99583333333334,18,12,6,4550,21.065221165531742,53.121318681318684,26.0,86.0,70.99384615384615,0.4186016483516492,120.0,1,1,1
The_Corrs_-_Love_Gives_Love_Takes.mid,the_corrs_-_love_gives_love_takes,208.8,18,14,4,3189,15.272988505747126,54.01191596111634,30.0,95.0,84.27688930699279,0.6441956726246473,100.0,1,1,1
The_Corrs_-_Love_to_Love_You.mid,the_corrs_-_love_to_love_you,260.24111999999997,15,12,3,5630,21.63378331602631,56.12611012433393,29.0,91.0,74.37673179396093,0.36593251000000004,82.9999502000299,1,1,1
The_Corrs_-_No_Frontiers.mid,the_corrs_-_no_frontiers,256.61512799999997,7,6,1,2436,9.492815248210933,56.36494252873563,30.0,96.0,72.36986863711002,1.1274256125,130.00013000013,1,1,1
The_Corrs_-_No_Good_For_Me.mid,the_corrs_-_no_good_for_me,197.4456190833333,12,10,2,6034,30.5603134068693,55.696387139542594,21.0,100.0,97.57010275107723,0.38347653012788635,109.99990833340973,1,1,2
The_Corrs_-_Only_When_I_Sleep.mid,the_corrs_-_only_when_i_sleep,188.20001568333333,10,9,1,4725,25.106267833422066,54.826031746031745,28.0,95.0,95.80190476190477,0.4570170249964726,94.99999208333399,1,1,2
The_Corrs_-_Queen_of_Hollywood.mid,the_corrs_-_queen_of_hollywood,298.5529531749999,19,12,7,6710,22.47507495284049,57.016691505216095,35.0,88.0,80.95901639344262,0.40492100979756585,150.6667773446123,3,1,2
The_Corrs_-_Radio.mid,the_corrs_-_radio,280.874494575,17,12,5,9063,32.26708076044252,57.1837140019861,25.0,83.0,79.40218470705065,0.3649437556778477,112.34167065303056,60,9,1
The_Corrs_-_Rainy_Day.mid,the_corrs_-_rainy_day,240.49917663333343,20,17,3,5090,21.164313621581524,55.86954813359529,32.0,90.0,86.02593320235756,0.37543635066633935,119.3999911575398,20,1,1
The_Corrs_-_Remember.mid,the_corrs_-_remember,234.49994137500005,24,16,8,6613,28.200433489340774,57.65461968849236,26.0,86.0,74.31286859216695,0.35166530122486034,87.00002175000542,1,1,1
The_Corrs_-_Runaway.mid,the_corrs_-_runaway,261.38596,15,13,2,4171,15.957245752602779,57.69096140014385,36.0,81.0,57.368257012706785,0.4964022140174218,101.00006901671382,1,0,1
The_Corrs_-_Secret_Life.mid,the_corrs_-_secret_life,253.98046399999996,19,14,5,4584,18.048632275906076,48.7194589877836,29.0,79.0,75.94873472949389,0.2895093872527632,103.0000480666891,1,1,1
The_Corrs_-_So_Young.mid,the_corrs_-_so_young,230.76158711666665,18,12,6,5993,25.970526875298816,51.286667779075586,31.0,75.0,80.48856999833139,0.33384455056037604,108.99994368336242,1,1,1
The_Corrs_-_Someday.mid,the_corrs_-_someday,222.056208,16,12,4,5709,25.709706796398144,53.82483797512699,26.0,93.0,83.80259239796813,0.2653575306708705,106.99993580003851,1,1,1
The_Corrs_-_The_Right_Time.mid,the_corrs_-_the_right_time,245.2660065,17,15,2,4558,18.583904329196145,55.712812637121544,26.0,86.0,70.13119789381308,0.31423012829091707,93.99998120000376,1,1,1
The_Corrs_-_What_Can_I_Do.mid,the_corrs_-_what_can_i_do,246.03340781249997,17,14,3,4867,19.78186638665388,53.71543044996918,30.0,85.0,98.77583727141976,0.39737055127324344,78.00007800007802,1,1,1
The_Crystals_-_Da_Doo_Ron_Ron.mid,the_crystals_-_da_doo_ron_ron,161.97816350000002,11,10,1,6567,40.54250189100335,50.881833409471604,1.0,75.0,102.79488350845135,0.1980255997760266,139.0002177670078,1,1,2
The_Cure_-_Close_to_Me.mid,the_cure_-_close_to_me,215.6915325,13,10,3,4189,19.421253822284378,51.841012174743376,28.0,95.0,97.22081642396753,0.2388519293447122,187.99996240000752,1,1,1
The_Doors_-_Roadhouse_Blues.mid,the_doors_-_roadhouse_blues,249.2332585416667,6,5,1,8229,33.01726281696983,55.207194069753314,28.0,96.0,117.41062097460201,0.17606515863612424,117.99990166674861,1,1,1
The_Drifters_-_On_Broadway.mid,the_drifters_-_on_broadway,195.91824,8,7,1,8393,42.839298678877476,60.684856427975696,34.0,89.0,108.47063028714405,0.25607652849596874,147.0000955500621,1,1,1
The_Drifters_-_Save_the_Last_Dance_for_Me.mid,the_drifters_-_save_the_last_dance_for_me,129.835992,5,4,1,2143,16.505438646011193,49.65142323845077,29.0,77.0,94.61922538497433,0.3168912626380465,122.00006913337249,1,1,1
The_Drifters_-_This_Magic_Moment.mid,the_drifters_-_this_magic_moment,186.49583333333334,11,10,1,3688,19.775240733707186,61.67245119305857,29.0,94.0,72.08405639913232,0.39542434924078024,120.0,1,1,1
The_Drifters_-_Under_the_Boardwalk.mid,the_drifters_-_under_the_boardwalk,142.1738775,8,7,1,4106,28.88012954419141,59.801266439357036,29.0,93.0,106.52971261568436,0.3963329448185581,115.00002875000717,1,1,1
The_Drifters_-_Up_on_the_Roof.mid,the_drifters_-_up_on_the_roof,157.44,9,8,1,3750,23.81859756097561,57.876266666666666,28.0,88.0,120.7224,0.34317973333333335,125.0,1,1,1
The_Eagles_-_Already_Gone.mid,the_eagles_-_already_gone,214.28192857500002,7,6,1,5655,26.39046623113024,52.716710875331565,31.0,81.0,78.921308576481,0.39955830323275876,140.00014000014,1,1,1
The_Eagles_-_Best_of_My_Love.mid,the_eagles_-_best_of_my_love,177.91875000000002,7,6,1,2793,15.69817683633681,51.35803795202291,29.0,84.0,74.62477622627999,0.5211309523809524,99.99999999999999,1,1,1
The_Eagles_-_Desperado.mid,the_eagles_-_desperado,164.803598,10,9,1,3348,20.31509045087717,58.41278375149343,31.0,81.0,86.75716845878136,0.7263883634495718,59.99999416666764,2,1,7
The_Eagles_-_Heartache_Tonight.mid,the_eagles_-_heartache_tonight,235.80428887500003,7,6,1,5472,23.20568479100357,55.1984649122807,28.0,86.0,86.98702485380117,0.3014466176843477,115.00002875000717,1,1,1
The_Eagles_-_Hotel_California.mid,the_eagles_-_hotel_california,396.6583034375,10,9,1,6981,17.59953072834128,56.556080790717665,1.0,97.0,96.68299670534307,0.3425742148349089,143.99988480009216,1,0,1
The_Eagles_-_Life_In_The_Fast_Lane.mid,the_eagles_-_life_in_the_fast_lane,288.00023999999996,15,14,1,8130,28.229143142380718,55.58068880688807,28.0,93.0,91.09311193111931,0.2675072116287413,109.99990833340973,1,1,1
The_Eagles_-_Love_Will_Keep_Us_Alive.mid,the_eagles_-_love_will_keep_us_alive,238.26696499999997,6,5,1,2373,9.959416740797451,61.94226717235567,28.0,76.0,99.5794353139486,0.4630373796811349,90.49998559169529,2,1,1
The_Eagles_-_Lyin_Eyes.mid,the_eagles_-_lyin_eyes,405.20843463541667,11,5,6,7583,18.713825655733817,55.0,36.0,76.0,100.0,0.32102866473526304,122.99996925000768,1,1,1
The_Eagles_-_New_Kid_In_Town.mid,the_eagles_-_new_kid_in_town,297.7092,8,7,1,5064,17.00988750095731,53.56240126382306,28.0,88.0,98.26046603475514,0.3103271358692075,85.00005113336485,2,1,1
The_Eagles_-_One_of_These_Nights.mid,the_eagles_-_one_of_these_nights,266.3647618489583,16,14,2,7124,26.745279482725465,57.23161145423919,26.0,86.0,101.93585064570466,0.20818180552387472,109.00172586065946,1,0,1
The_Eagles_-_Peaceful_Easy_Feeling.mid,the_eagles_-_peaceful_easy_feeling,260.17831125000004,9,8,1,10985,42.22104428006967,55.248793809740555,30.0,90.0,84.15521165225307,0.31109273786982267,140.00014000014,1,1,1
The_Eagles_-_Please_Come_Home_For_Christmas.mid,the_eagles_-_please_come_home_for_christmas,183.696786,8,7,1,4246,23.11417685881559,53.71643900141309,32.0,78.0,65.07701365991521,0.17494629873999068,165.000165000165,1,1,1
The_Eagles_-_Pretty_Maids_All_In_A_Row.mid,the_eagles_-_pretty_maids_all_in_a_row,187.34375,10,9,1,3679,19.63769808173478,61.177493884207664,29.0,92.0,84.66838814895353,0.5358315354036423,64.0,1,1,2
The_Eagles_-_Seven_Bridges_Road.mid,the_eagles_-_seven_bridges_road,169.154039625,8,8,0,1743,10.304217409552155,54.73952954675846,24.0,72.0,84.06999426276535,0.4974649602696502,204.00044880098736,1,0,1
The_Eagles_-_Take_It_Easy.mid,the_eagles_-_take_it_easy,191.577369,15,7,8,7946,41.47671534209241,53.918952932292974,28.0,78.0,94.71218223005286,0.17167877286527813,142.0000710000355,1,1,1
The_Eagles_-_Take_It_To_The_Limit.mid,the_eagles_-_take_it_to_the_limit,198.13096,7,6,1,3490,17.61461207274219,60.74785100286533,26.0,86.0,77.62120343839541,0.44643467323782227,106.99993580003851,1,1,1
The_Eagles_-_Tequila_Sunrise.mid,the_eagles_-_tequila_sunrise,174.5456,7,6,1,4361,24.984875012604157,53.18183902774593,28.0,78.0,69.04792478789268,0.3810378193552702,109.99990833340972,1,1,1
The_Eagles_-_The_Last_Resort.mid,the_eagles_-_the_last_resort,462.3977490625,14,13,1,8833,19.102601640922103,61.3834484320163,28.0,95.0,80.72093286539115,0.574418006389392,60.99997255001235,1,1,15
The_Eagles_-_The_Long_Run.mid,the_eagles_-_the_long_run,230.30949313541666,17,10,7,6195,26.898587269077456,58.0182405165456,28.0,89.0,74.0180790960452,0.3300455223289953,98.99993565004183,1,1,1
The_Eagles_-_The_Sad_Cafe.mid,the_eagles_-_the_sad_cafe,336.4765474479167,13,12,1,8837,26.26334604009179,55.11621591037682,28.0,85.0,76.27928029874391,0.5939666634569143,102.0000510000255,1,0,1
The_Eagles_-_Try_And_Love_Again.mid,the_eagles_-_try_and_love_again,317.368146,13,12,1,8980,28.29521523562103,54.86904231625835,28.0,90.0,71.95133630289533,0.4118126266260672,76.00006586672374,1,0,7
The_Eagles_-_Victim_of_Love.mid,the_eagles_-_victim_of_love,249.11007675000002,14,13,1,4109,16.49471612552903,55.20126551472378,29.0,86.0,99.47943538573863,0.48478005156769743,81.03998092677729,5,1,1
The_Eagles_-_Wasted_Time.mid,the_eagles_-_wasted_time,278.26294375000003,9,8,1,1972,7.086822174107758,55.79716024340771,28.0,84.0,77.82758620689656,0.8930049212939486,117.99990166674861,1,1,1
The_Eagles_-_Witchy_Woman.mid,the_eagles_-_witchy_woman,163.6362,7,6,1,3790,23.161134272245384,54.50105540897098,29.0,84.0,81.03034300791556,0.4172012498647755,110.00011000011,1,1,1
The_Fifth_Dimension_-_Up_Up_and_Away.mid,the_fifth_dimension_-_up_up_and_away,175.37674769999998,14,8,6,3421,19.506576811721775,53.3306050862321,35.0,81.0,115.28003507746273,0.5043493258842441,130.00013000013,1,3,1
The_Fixx_-_One_Thing_Leads_to_Another.mid,the_fixx_-_one_thing_leads_to_another,217.33665225000004,6,5,1,4323,19.890800540294045,53.404580152671755,32.0,82.0,91.5558639833449,0.19406199049656872,138.00019320027047,1,0,1
The_Flamingos_-_I_Only_Have_Eyes_For_You.mid,the_flamingos_-_i_only_have_eyes_for_you,235.62608233333336,12,11,1,4357,18.491161745991597,61.59146201514804,24.0,96.0,68.03259123249943,0.5044124878031522,58.44218732701579,32,1,1
The_Four_Seasons_-_Dawn_Go_Away.mid,the_four_seasons_-_dawn_go_away,166.88155709999998,11,10,1,4200,25.167550405125027,53.46642857142857,33.0,77.0,71.00761904761904,0.5044513137301586,122.20000038004,10,1,1
The_Four_Seasons_-_Rag_Doll.mid,the_four_seasons_-_rag_doll,205.8984375,12,11,1,6371,30.94243976475052,57.726573536336524,27.0,101.0,73.33212996389892,0.44011356799036755,120.0,1,0,1
The_Four_Seasons_-_Ronnie.mid,the_four_seasons_-_ronnie,191.875,9,7,2,5863,30.556351791530943,55.452498720791404,31.0,88.0,80.0,0.42362271874466856,120.0,1,1,1
The_Four_Seasons_-_Sherry.mid,the_four_seasons_-_sherry,156.28125,6,5,1,4880,31.225754849030196,55.88176229508197,36.0,86.0,103.83913934426229,0.14287739071038177,120.0,1,0,1
The_Four_Seasons_-_Walk_Like_a_Man.mid,the_four_seasons_-_walk_like_a_man,141.40873804166668,7,6,1,2013,14.2353296400033,61.79384003974168,34.0,89.0,75.78589170392449,0.33683139812882923,118.00013373348487,1,1,1
The_Fugees_-_Killing_Me_Softly.mid,the_fugees_-_killing_me_softly,196.74837200000002,7,4,3,1266,6.434614869392667,59.61690363349131,29.0,82.0,106.71090047393365,0.7062190870787256,96.50002092500942,2,1,1
The_Fugees_-_No_Woman_No_Cry.mid,the_fugees_-_no_woman_no_cry,427.58664278124996,5,4,1,8709,20.367801817549893,54.61109197382019,28.0,96.0,99.11976116660925,0.3317509347621715,69.50004372087164,4,1,5
The_Fugees_-_Ready_or_Not.mid,the_fugees_-_ready_or_not,224.4094978125,8,7,1,1957,8.72066476275048,47.88247317322432,34.0,73.0,107.88042922841083,0.6385263018012265,90.00009000009,1,0,1
a_-_a.mid,a_-_a,256.992689375,12,11,1,2771,10.782407883815702,56.12233850595453,30.0,95.0,116.69108625045111,0.8999717936891012,69.00001725000432,1,0,1
adele_-_Hello.mid,adele_-_hello,285.0,2,2,0,1229,4.312280701754386,57.94548413344182,36.0,80.0,64.0,1.1266781936533767,160.0,1,1,1
adele_-_hometown_glory.mid,adele_-_hometown_glory,274.73,10,9,1,6221,22.644050522331014,60.60569040347211,27.0,93.0,65.40250763542839,0.35261613888442345,100.0,1,1,1
adele_-_someone_like_you.mid,adele_-_someone_like_you,290.7766515895833,5,4,1,1939,6.668348333334554,61.973697782362045,26.0,88.0,83.68024755028365,0.6029319619004644,64.3636775454877,11,0,7
aladdin_-_A_whole_new_world.mid,aladdin_-_a_whole_new_world,159.03908270312496,9,9,0,1900,11.946748985887272,73.07526315789474,38.0,100.0,74.15631578947368,0.537333919725877,102.07039363284973,16,2,1
